DataCode,RecType,Watershed,Location,Trans,Site,Geology,SampleMon,SampleDay,SampleYear,SWDate,StartTime,DTW,Elevation,O2,Conduct1,SpC,pH2,Temp2,Conduct2,Alkalinity1_autotitrator,Alkalinity2_autotitrator,Alkalinity1_buret,Alkalinity2_buret,F,Cl,NO3_N,SO4,Na2,K2,Mg2,Ca2,Sr,NPOC,TDN,dD,d18O
AGW01,2,N4d,3-5Mor,3,5,Mor,6,25,2020,6/25/2020,14:27:00,20.6,364.9,NA,NA,NA,7.04,19.4,488.7,NA,NA,6.2,310.2,0.47,3.33,<0.13,17.39,4.78,2.38,21.1,98.07,4.23,NA,NA,NA,NA
AGW01,2,N4d,3-5-1Mor,3,5,Mor,6,25,2020,6/25/2020,15:28:00,NA,NA,NA,NA,NA,NA,NA,NA,NA,NA,NA,NA,NA,NA,NA,NA,NA,NA,NA,NA,NA,NA,NA,NA,NA
AGW01,2,N4d,4-2Mor,4,2,Mor,6,25,2020,6/25/2020,9:44:00,35.9,364.3,NA,NA,NA,NA,NA,NA,NA,NA,NA,NA,NA,NA,NA,NA,NA,NA,NA,NA,NA,NA,NA,NA,NA
AGW01,2,N4d,4-6Mor,4,6,Mor,6,25,2020,6/25/2020,11:35:00,38.6,364.5,NA,NA,NA,7.19,20.2,459.2,NA,NA,6.01,300.9,0.43,3.73,0.221412675,23.14,4.39,2.51,19.2,109.74,4,NA,NA,NA,NA
AGW01,2,N4d,4-6Eis1,4,6,Eis1,6,25,2020,6/25/2020,11:02:00,22,369.7,NA,NA,NA,NA,NA,NA,NA,NA,NA,NA,NA,NA,NA,NA,NA,NA,NA,NA,NA,NA,NA,NA,NA
AGW01,2,N4d,4-6Eis2,4,6,Eis2,6,25,2020,6/25/2020,12:16:00,16.25,371.2,NA,NA,NA,NA,NA,NA,NA,NA,NA,NA,NA,NA,NA,NA,NA,NA,NA,NA,NA,NA,NA,NA,NA
AGW01,2,N1b,1-1stream,1,1,Stream,6,25,2020,6/25/2020,15:53:00,NA,NA,NA,NA,NA,7.93,28.5,497.5,NA,NA,4.78,239.5,0.39,2.57,<0.13,23.71,3.89,0.93,18.1,86.06,3.1,NA,NA,NA,NA
AGW01,2,N4d,3-1stream,3,1,Stream,6,25,2020,6/25/2020,14:23:00,NA,NA,NA,NA,NA,7.97,22.2,589.7,NA,NA,5.88,294.2,0.39,2.46,<0.13,23.55,3.83,0.98,18.53,86.06,4.15,NA,NA,NA,NA
AGW01,2,N4d,4-1stream,4,1,Stream,6,25,2020,6/25/2020,10:30:00,NA,NA,NA,NA,NA,7.46,17.4,596.7,NA,NA,6.21,310.6,0.4,2.42,<0.13,17.79,3.69,0.84,18.34,113.2,4.09,NA,NA,NA,NA
AGW01,2,N4d,3-5Mor,3,5,Mor,8,6,2020,8/6/2020,9:56:00,20.8,364.8,NA,NA,NA,6.65,16.7,655.3,NA,NA,6.77,338.8,0.47,3.25,<0.13,23.44,5.12,2.07,19.89,99.27,4.41,NA,NA,NA,NA
AGW01,2,N4d,3-5-1Mor,3,5,Mor,8,6,2020,8/6/2020,13:35:00,35.1,364.4,NA,NA,NA,6.75,18.4,656.4,NA,NA,6.34,317.2,0.35,4.08,<0.13,42.6,6.81,1.7,28.54,86.79,5.09,NA,NA,NA,NA
AGW01,2,N4d,4-2Mor,4,2,Mor,8,6,2020,8/6/2020,8:48:00,35.9,364.3,NA,NA,NA,NA,NA,NA,NA,NA,NA,NA,NA,NA,NA,NA,NA,NA,NA,NA,NA,NA,NA,NA,NA
AGW01,2,N4d,4-6Mor,4,6,Mor,8,6,2020,8/6/2020,12:10:00,39.4,364.2,NA,NA,NA,6.8,16.9,625.5,NA,NA,6.63,331.9,0.42,3.27,<0.13,26.83,5.01,1.81,22.28,99.58,4.45,NA,NA,NA,NA
AGW01,2,N4d,4-6Eis1,4,6,Eis1,8,6,2020,8/6/2020,12:41:00,22.2,369.6,NA,NA,NA,6.72,16,581.8,NA,NA,5.77,288.7,0.42,3.23,0.241746493,18.81,6.87,2.02,24.62,76.69,4.5,NA,NA,NA,NA
AGW01,2,N4d,4-6Eis2,4,6,Eis2,8,6,2020,8/6/2020,13:16:00,18.6,370.5,NA,NA,NA,6.89,17.8,566.8,NA,NA,7.57,379.1,0.42,4.92,0.153633285,13.95,4.69,3.44,15.1,105.65,3.92,NA,NA,NA,NA
AGW01,2,N1b,1-1stream,1,1,Stream,8,6,2020,8/6/2020,15:53:00,NA,NA,NA,NA,NA,7.18,20.5,520.5,NA,NA,4.92,246,0.37,2.6,<0.13,35.72,4.57,1.02,18.95,68.12,3.54,NA,NA,NA,NA
AGW01,2,N4d,3-1stream,3,1,Stream,8,6,2020,8/6/2020,14:23:00,NA,NA,NA,NA,NA,7.07,18.8,611.4,NA,NA,6.26,313.3,0.39,2.79,<0.13,35.66,4.26,0.91,17.76,94.21,3.95,NA,NA,NA,NA
AGW01,2,N4d,4-1stream,4,1,Stream,8,6,2020,8/6/2020,10:30:00,NA,NA,NA,NA,NA,7.08,18.1,644.6,NA,NA,6.7,335.5,0.39,2.47,<0.13,27.24,4.42,0.93,18.9,105.97,4.31,NA,NA,NA,NA
AGW01,2,N4d,4-6Mor,4,6,Mor,9,1,2020,9/1/2020,12:03:00,39.5,364.2,8.3,590,710,6.81,15.8,652.4,NA,NA,6.98,349.3,0.42,2.5,0.189782293,28.89,4.42,1.11,20.36,95.25,4.51,NA,NA,NA,NA
AGW01,2,N4d,4-6Eis1,4,6,Eis1,9,1,2020,9/1/2020,14:31:00,22.29,369.6,NA,NA,NA,NA,NA,NA,NA,NA,NA,NA,NA,NA,NA,NA,NA,NA,NA,NA,NA,NA,NA,NA,NA
AGW01,2,N4d,4-6Eis2,4,6,Eis2,9,1,2020,9/1/2020,14:45:00,16.5,371.1,9.2,526,594,6.93,19.8,557.3,NA,NA,5.97,298.7,0.36,2.39,<0.13,12.18,2.9,0.62,14.92,87.8,3.33,NA,NA,NA,NA
AGW01,2,N4d,3-7Eis,3,7,Eis,9,1,2020,9/1/2020,10:32:00,73.05,NA,NA,NA,NA,NA,NA,NA,NA,NA,NA,NA,NA,NA,NA,NA,NA,NA,NA,NA,NA,NA,NA,NA,NA
AGW01,2,N4d,4-7Eis,4,7,Eis,9,1,2020,9/1/2020,10:37:00,95.33,NA,NA,NA,NA,NA,NA,NA,NA,NA,NA,NA,NA,NA,NA,NA,NA,NA,NA,NA,NA,NA,NA,NA,NA
AGW01,2,N4d,3-5Mor,3,5,Mor,9,2,2020,9/2/2020,8:55:00,20.81,364.8,6.7,619,720,6.89,17.7,682.8,NA,NA,7.08,354.5,0.42,2.45,<0.13,30.18,4.14,1.04,19.35,100.38,4.06,NA,NA,NA,NA
AGW01,2,N4d,3-1stream,3,1,Stream,9,2,2020,9/2/2020,10:42:00,NA,NA,8.4,619,664,7.9,21.4,630.9,NA,NA,6.51,326,0.35,2.74,0.135558781,41.36,5.01,1.52,21.99,99.4,4.57,NA,NA,NA,NA
AGW01,2,N4d,4-2Eis2,4,2,Eis2,9,4,2020,9/4/2020,13:50:00,12.2,371.2,4.1,652,728,6.9,17.7,736.3,NA,NA,6.78,339.5,0.4,2.47,0.192041606,38.05,4.71,1.29,19.41,89.61,4.45,NA,NA,NA,NA
AGW01,2,N4d,4-2Eis1,4,2,Eis1,9,4,2020,9/4/2020,10:14:00,11.5,371.4,5.8,742,726,6.93,26.8,732.3,NA,NA,7.08,354.1,0.39,6.2,0.18752298,35.05,5.77,6.19,24,104.3,5.78,NA,NA,NA,NA
AGW01,2,N4d,4-1stream,4,1,Stream,9,4,2020,9/4/2020,13:39:00,NA,NA,8.3,660,691,7.19,22.7,667.7,NA,NA,6.83,341.9,0.39,2.48,0.176226415,38.27,5.01,1.44,21.59,109.38,5.08,NA,NA,NA,NA
AGW01,2,N4d,3-3Eis,3,3,Eis,9,8,2020,9/8/2020,8:46:00,14.675,371.5,NA,NA,NA,7.31,14.5,493.4,NA,NA,NA,NA,NA,NA,NA,NA,NA,NA,NA,NA,NA,NA,NA,NA,NA
AGW01,2,N4d,4-6Mor,4,6,Mor,9,14,2020,9/14/2020,9:37:00,39.6,364.2,6.5,593,727,7.03,15.4,686.2,NA,NA,6.91,346,0.4,2.83,<0.13,34.53,4.92,1.16,26.87,125.5,4.65,NA,NA,NA,NA
AGW01,2,N4d,4-6Mor,4,6,Mor,9,14,2020,9/14/2020,11:48:00,39.6,364.2,5.6,628,712,6.84,18,706.5,NA,NA,6.88,344.5,0.4,2.46,<0.13,32.22,4.73,1.21,20.02,99.28,4.87,NA,NA,NA,NA
AGW01,2,N4d,4-6Eis1,4,6,Eis1,9,14,2020,9/14/2020,13:11:00,22.45,369.5,NA,NA,NA,6.95,17.7,747.5,NA,NA,6.72,336.5,0.43,2.85,0.334378326,21.92,6.76,2.4,25.51,77.22,4.15,NA,NA,NA,NA
AGW01,2,N4d,4-6Eis2,4,6,Eis2,9,14,2020,9/14/2020,13:16:00,16.55,371.1,7.1,496.2,575,6.81,16.5,726.3,NA,NA,8.31,416,0.38,2.35,0.16492985,10.99,3.46,1.23,15.81,90.02,3.64,NA,NA,NA,NA
AGW01,2,N4d,3-3Mor,3,3,Mor,9,21,2020,9/21/2020,9:02:00,37.05,364.8,8,623,687,7.13,19.5,683.2,NA,NA,3.99,199.9,1.26,26.64,0.30726657,54.43,NA,NA,NA,NA,NA,NA,NA,NA,NA
AGW01,2,N4d,3-2Mor,3,2,Mor,9,21,2020,9/21/2020,9:15:00,25.8,364.7,10,516,583,6.89,20.3,657.6,NA,NA,5.66,283.3,0.36,2.33,<0.13,14.25,2.73,0.97,13.03,90.66,3.83,NA,NA,NA,NA
AGW01,2,N4d,1-6Mor,1,6,Mor,9,21,2020,9/21/2020,9:45:00,25.92,364.8,NA,NA,NA,NA,NA,NA,NA,NA,NA,NA,NA,NA,NA,NA,NA,NA,NA,NA,NA,NA,NA,NA,NA
AGW01,2,N4d,2-6Mor,2,6,Mor,9,21,2020,9/21/2020,10:08:00,25.81,364.7,NA,NA,NA,NA,NA,NA,NA,NA,NA,NA,NA,NA,NA,NA,NA,NA,NA,NA,NA,NA,NA,NA,NA
AGW01,2,N4d,3-6Mor,3,6,Mor,9,21,2020,9/21/2020,10:26:00,16.14,369.8,NA,NA,NA,NA,NA,NA,NA,NA,NA,NA,NA,NA,NA,NA,NA,NA,NA,NA,NA,NA,NA,NA,NA
AGW01,2,N4d,3-5-1Mor,3,5,Mor,9,21,2020,9/21/2020,10:54:00,35.85,364.2,7.3,579,700,7.14,15.9,NA,NA,NA,6.53,326.8,0.41,3.68,<0.13,42.35,6.51,1.93,33.58,89.87,4.91,NA,NA,NA,NA
AGW01,2,N4d,4-2Eis2,4,2,Eis2,10,5,2020,10/5/2020,10:53:00,12.2,371.2,3.4,608,706,6.73,18,718.2,NA,NA,6.68,334.4,0.43,2.9,<0.13,31.46,4.87,1.27,18.52,99.86,4.35,NA,NA,NA,NA
AGW01,2,N4d,3-3Eis,3,3,Eis,10,5,2020,10/5/2020,10:20:00,14.41,371.6,7.7,507,576,7.07,20,567.7,NA,NA,5.5,275.2,0.34,2.11,<0.13,7.82,2.34,0.74,8.69,83.97,3.76,NA,NA,NA,NA
AGW01,2,N4d,3-5-1Mor,3,5,Mor,10,12,2020,10/12/2020,9:16:00,35.92,364.2,1.9,528,677,6.89,13.3,649.9,NA,NA,6.18,309.4,0.4,3.88,<0.13,43.59,6.72,1.31,32.59,104.71,5.27,NA,NA,NA,NA
AGW01,2,N4d,4-2Eis1,4,2,Eis1,10,12,2020,10/12/2020,11:28:00,12.15,371.2,1.4,657,772,6.89,17.8,858.4,NA,NA,7.13,356.6,0.42,3.11,<0.13,34.71,5.23,1.32,25.05,105.49,5.9,NA,NA,NA,NA
AGW01,2,N4d,4-2Eis1,4,2,Eis1,10,19,2020,10/19/2020,9:40:00,12.25,371.2,2.1,540,694,6.73,12.8,855.7,NA,NA,7.04,352.1,0.44,3.25,<0.13,36.2,5.12,1.4,24.31,103.53,5.78,NA,NA,NA,NA
AGW01,2,N4d,3-5Mor,3,5,Mor,11,2,2020,11/2/2020,13:13:00,20.12,365,7.4,634,744,6.8,17.4,773.6,NA,NA,6.94,347.4,0.38,2.88,<0.13,38.23,4.79,1.04,20.62,110.65,4.76,NA,NA,NA,NA
AGW01,2,N4d,3-5-1Mor,3,5,Mor,11,2,2020,11/2/2020,12:08:00,35.85,364.2,1.7,665,803,6.94,16.2,649.4,NA,NA,6.27,313.9,0.35,3.43,<0.13,39.89,6.52,1.35,27.27,84.06,4.95,NA,NA,NA,NA
AGW01,2,N4d,4-2Mor,4,2,Mor,11,2,2020,11/2/2020,9:15:00,35.91,364.3,NA,NA,NA,NA,NA,NA,NA,NA,NA,NA,NA,NA,NA,NA,NA,NA,NA,NA,NA,NA,NA,NA,NA
AGW01,2,N4d,4-6Mor,4,6,Mor,11,2,2020,11/2/2020,11:12:00,39.65,364.2,NA,NA,NA,6.77,15.3,987.9,NA,NA,6.99,349.7,0.37,60.6,<0.13,38.28,12.72,NA,21.67,100.5,4.84,NA,NA,NA,NA
AGW01,2,N4d,4-6Eis1,4,6,Eis1,11,2,2020,11/2/2020,10:45:00,22.4,369.5,NA,NA,NA,6.99,14.2,736.5,NA,NA,5.85,292.9,0.47,3.16,0.207856797,20.35,6.87,1.97,24.51,75.27,4.23,NA,NA,NA,NA
AGW01,2,N4d,4-6Eis2,4,6,Eis2,11,2,2020,11/2/2020,10:10:00,16.55,371.1,6.9,543,668,6.78,15.6,642.3,NA,NA,6.79,340,0.34,2.35,<0.13,10.1,3.8,0.72,16.23,99.07,3.75,NA,NA,NA,NA
AGW01,2,N4d,3-1stream,3,1,Stream,11,2,2020,11/2/2020,13:52:00,NA,NA,NA,NA,NA,7.46,11.1,647.6,NA,NA,6.43,322,0.39,2.76,<0.13,48.54,5.01,1.51,21.9,106.2,4.62,NA,NA,NA,NA
AGW01,2,N4d,4-1stream,4,1,Stream,11,2,2020,11/2/2020,9:35:00,NA,NA,10.4,483,700,6.61,9.4,660.7,NA,NA,6.72,336.2,0.37,2.72,<0.13,45.56,4.92,1.02,21.46,107.19,4.57,NA,NA,NA,NA
AGW01,2,N4d,3-5Mor,3,5,Mor,12,1,2020,12/1/2020,13:01:00,20.9,364.8,7.7,545,693,6.67,13.2,761.3,NA,NA,6.5,328,0.42,3.17,<0.13,44.15,5.3,1.05,20.1,117.32,4.9,NA,NA,NA,NA
AGW01,2,N4d,3-5-1Mor,3,5,Mor,12,1,2020,12/1/2020,12:21:00,35.66,364.2,2.3,517,663,6.65,12.7,596.6,NA,NA,6.21,310.6,0.39,3.7,<0.13,40.11,7.15,1.12,27.78,86.98,5.04,NA,NA,NA,NA
AGW01,2,N4d,4-2Mor,4,2,Mor,12,1,2020,12/1/2020,10:22:00,35.9,364.3,NA,NA,NA,NA,NA,NA,NA,NA,NA,NA,NA,NA,NA,NA,NA,NA,NA,NA,NA,NA,NA,NA,NA
AGW01,2,N4d,4-6Mor,4,6,Mor,12,1,2020,12/1/2020,10:54:00,39.45,364.2,7.7,535,684,6.84,13,661.4,NA,NA,6.46,323.4,0.4,3.33,<0.13,44.47,5.42,0.76,17.75,80.95,4.72,NA,NA,NA,NA
AGW01,2,N4d,4-6Eis1,4,6,Eis1,12,1,2020,12/1/2020,11:20:00,22.35,369.5,7.6,441.5,573,6.78,12.1,556.2,NA,NA,5.77,289,0.47,3.06,0.237227866,21.82,7.22,1.07,26.03,76.01,4.28,NA,NA,NA,NA
AGW01,2,N4d,4-6Eis2,4,6,Eis2,12,1,2020,12/1/2020,11:50:00,14.52,371.7,5.8,506,643,6.72,13.4,671.3,NA,NA,6.59,329.7,0.4,2.78,<0.13,11.65,6.7,0.47,15.31,97.08,3.72,NA,NA,NA,NA
AGW01,2,N4d,3-1stream,3,1,Stream,12,1,2020,12/1/2020,13:32:00,NA,NA,13.5,399.9,711,6.71,2.2,635,NA,NA,6.42,321.1,0.43,3.3,0.128780842,57.16,5.28,0.64,20.85,100.61,4.68,NA,NA,NA,NA
AGW01,2,N4d,4-1stream,4,1,Stream,12,1,2020,12/1/2020,10:32:00,NA,NA,9.1,445.6,695,6.65,6,631.5,NA,NA,6.59,329.9,0.37,3.14,<0.13,51.17,5.07,0.31,20.79,107.12,4.53,NA,NA,NA,NA
AGW01,2,N1b,1-1Mor,1,1,Mor,10,12,NA,NA,NA,NA,NA,NA,NA,NA,NA,NA,NA,NA,NA,NA,NA,0.35,0.94,0.13,24.46,3.98,0.7,16.15,405.22,3.66,NA,NA,NA,NA
AGW01,2,N1b,1-1Mor,1,1,Mor,10,31,2021,10/31/2021,8:59:00,39.33,NA,7.1,NA,670,7.08,11.8,841.4,NA,NA,7.84,392.3,0.33,1.62,<0.13,29.75,4.29,1.17,19.86,113.57,3.82,NA,NA,NA,NA
AGW01,2,N1b,1-1Mor,1,1,Mor,11,28,2021,11/28/2021,9:33:00,38.78,NA,9.3,484,635,7.06,12.5,824.5,NA,NA,7.06,353.4,0.36,2.18,<0.13,16.19,2.92,0.83,12.85,113.65,3.73,NA,NA,-36,-5.6
AGW01,2,N1b,1-1Mor,1,1,Mor,12,21,2021,12/21/2021,15:00:00,38.83,NA,NA,NA,NA,7.15,12.8,779.7,NA,NA,7.27,363.7,0.32,0.93,0.14,24.63,3.38,0.84,15.93,123.58,3.63,NA,NA,-36,-5.7
AGW01,2,N1b,1-1Mor,1,1,Mor,1,13,2022,1/13/2022,11:23:00,39.09,NA,6,703,560,7.23,13.7,821.1,NA,NA,7.46,373.1,0.36,2.4,<0.13,36.41,3.69,0.72,17.76,133.61,4.41,NA,NA,-37,-5.7
AGW01,2,N1b,1-1Mor,1,1,Mor,1,30,2022,1/30/2022,13:42:00,39.2,NA,NA,NA,NA,6.93,14.7,740.5,NA,NA,7.47,373.8,0.38,1.49,<0.13,36.91,4.2,1.01,19.2,119.82,4,NA,NA,-37,-5.8
AGW01,2,N1b,1-1Mor,1,1,Mor,2,27,2022,2/27/2022,12:21:00,39.28,NA,4.6,613,773,6.91,13.6,758.9,NA,NA,7.29,365,0.33,2.46,<0.13,39.7,4.41,0.8,22.15,109.7,5.28,NA,NA,-37,-5.9
AGW01,2,N1b,1-1Mor,1,1,Mor,3,27,2022,3/27/2022,11:17:00,37.73,NA,2.6,556,688,7.03,13.4,606.3,NA,NA,6.8,340.3,0.36,1.81,0.18,10.39,2.49,1.42,9.62,110.61,NA,NA,NA,-35,-5.6
AGW01,2,N1b,1-1Mor,1,1,Mor,4,16,2022,4/16/2022,13:17:00,38.42,NA,NA,518,658,7.18,14.4,659.4,6.68,334.5,6.66,333.1,0.33,0.83,<0.13,16.85,2.89,0.78,11.79,112.37,3.35,NA,NA,-36,-5.7
AGW01,2,N1b,1-1Mor,1,1,Mor,5,11,2022,5/11/2022,12:32:00,35.77,NA,NA,480,588,7.23,15.2,546,6.1,305.3,6.07,304,0.3,1.6,<0.13,9.08,2.66,0.59,8.35,99.36,NA,NA,NA,-35,-5.6
AGW01,2,N1b,1-1Mor,1,1,Mor,6,6,2022,6/6/2022,9:47:00,34.02,NA,6.7,512,640,6.99,14.6,627,6.22,311.3,NA,310,0.33,1.54,<0.13,7.05,2.07,0.45,7.88,108.27,NA,NA,NA,-34,-5.4
AGW01,2,N1b,1-1Mor,1,1,Mor,6,28,2022,6/28/2022,NA,NA,NA,NA,NA,NA,7.02,14.2,484.4,6.41,320.8,NA,319.4,0.29,2.32,<0.13,6.54,2.57,0.66,9.19,112.91,NA,NA,NA,-35,-5
AGW01,2,N1b,1-1Mor,1,1,Mor,7,29,2022,7/29/2022,14:07:00,37.93,NA,6.2,504,624,6.98,14.9,620.9,6.51,325.9,NA,324.5,0.32,2.43,<0.13,14.66,2.84,0.62,11.18,108.43,3.2,NA,NA,-37,-5.3
AGW01,2,N1b,1-1Mor,1,1,Mor,8,18,2022,8/18/2022,NA,38.61,NA,6.6,540,592,7.1,18.9,633.6,6.52,326.1,NA,326.1,0.35,2.57,0.13,16.26,3.75,1.61,11.83,107.04,3.48,NA,NA,-35,-5.5
AGW01,2,N1b,1-1Mor,1,1,Mor,9,15,2022,9/15/2022,15:12:00,39.11,NA,6.7,546,664,7.07,168,644.2,6.4,320.3,NA,320.3,0.33,2.27,0.13,22.04,3.98,3.28,12.8,109.21,3.07,NA,NA,-35,-5.6
AGW01,2,N1b,1-1Mor,1,1,Mor,10,6,2022,10/6/2022,17:47:00,39.18,NA,7.8,507,633,7.32,14.6,539.5,5.74,287.1,NA,287.1,0.34,2.46,<0.13,26.15,3.34,0.5,13.75,95.32,2.9,NA,NA,-35,-5.6
AGW01,2,N1b,1-1Mor,1,1,Mor,10,30,2022,10/31/2022,14:52:00,39.16,NA,7.5,462,573,7.2,14.5,598.3,6.1,305.3,NA,304.7,0.42,1.45,0.23,27.89,3.72,0.73,14.3,102.13,3.06,NA,NA,-35,-5.6
AGW01,2,N1b,1-1Mor,1,1,Mor,12,2,2022,12/2/2022,15:42:00,39.11,NA,8.7,533,670,6.97,13.9,657.6,6.67,333.7,NA,333.1,0.32,1.29,<0.13,16.84,3.24,0.74,13.32,112.02,3.42,NA,NA,-35,-5.6
AGW01,2,N1b,1-1Mor,1,1,Mor,2,21,2023,2/21/2023,14:04:00,38.23,NA,6.8,567,709,NA,NA,NA,6.55,327.7,NA,NA,0.34,1.15,<0.13,12.05,2.18,0.56,10.32,110.92,2.7,NA,NA,-36,-5.7
AGW01,2,N1b,1-1Mor,1,1,Mor,4,18,2023,4/18/2023,14:36:00,38.29,NA,7.3,490,600,7.06,15.8,626.6,6.43,321.9,NA,NA,0.32,1,<0.13,25.62,2.17,0.33,11.01,108.34,2.65,NA,NA,-36,-5.8
AGW01,2,N1b,1-1Mor,1,1,Mor,5,31,2023,5/31/2023,11:15:00,38,NA,6.56,450.2,549,6.92,16,622,6.32,316.5,NA,NA,0.31,4.4,<0.13,12.19,2.99,4.02,11.16,109.34,2.87,NA,NA,-35,-5.7
AGW01,2,N1b,1-1Mor,1,1,Mor,6,29,2023,6/29/2023,NA,38.82,NA,7.06,472,583,6.83,15.6,601,6.12,306.3,NA,NA,0.32,2.62,<0.13,17.57,3.61,1.36,10.82,110.98,2.75,NA,NA,-36,-5.8
AGW01,2,N1b,1-1Mor,1,1,Mor,9,10,2023,9/10/2023,11:45:00,39.32,NA,10.24,359.7,436.1,7.35,15.1,464.3,4.58,229.4,NA,NA,0.4,3.73,0.13,22.95,3.9,3.29,12.99,48.24,2.3,NA,NA,-37,-6
AGW01,2,N1b,1-1Mor,1,1,Mor,10,27,2023,10/27/2023,14:57:00,39.51,NA,6.01,400.8,503,6.92,13.7,565,5.32,266.4,NA,NA,0.37,5.47,0.13,33.39,4.61,4.83,17.38,55.02,2.95,NA,NA,-37,-6
AGW01,2,N1b,1-1Mor,1,1,Mor,12,4,2023,12/4/2023,12:37:00,39.54,NA,8.5,490,613,6.88,14.7,1517,5.82,291.3,NA,NA,0.38,9.67,0.19,39.07,6.67,10.46,19.2,85.57,3.16,NA,NA,-37,-6.1
AGW01,2,N4d,1-1stream,1,1,Stream,4,15,2021,4/15/2021,12:30:00,NA,NA,9.8,NA,NA,6.59,13.9,481.5,NA,NA,5.52,276.2,0.45,2.94,<0.13,27.67,4.19,0.55,16.2,88.74,3.4,NA,NA,NA,NA
AGW01,2,N4d,1-1stream,1,1,Stream,4,15,2021,4/15/2021,12:14:00,NA,NA,10.2,NA,NA,6.74,13.7,479.8,NA,NA,5.87,293.6,0.44,2.96,<0.13,27.1,4.1,0.5,15.7,87.59,3.37,NA,NA,NA,NA
AGW01,2,N4d,1-1stream,1,1,Stream,4,15,2021,4/15/2021,12:30:00,NA,NA,9.8,NA,NA,6.59,13.9,481.5,NA,NA,5.52,276.2,0.45,2.94,<0.13,27.67,4.19,0.55,16.2,88.74,3.4,NA,NA,NA,NA
AGW01,2,N4d,1-1stream,1,1,Stream,5,6,2021,5/6/2021,15:33:00,NA,NA,8,NA,NA,6.94,19.1,568.5,NA,NA,5.7,285.3,0.44,3.18,<0.13,31.02,4.35,1.06,16.36,91.41,3.28,NA,NA,-35,-5.5
AGW01,2,N4d,1-1stream,1,1,Stream,5,7,2021,5/7/2021,13:21:00,NA,NA,8.1,NA,NA,7.04,13.7,570.9,NA,NA,5.25,262.9,0.43,2.89,<0.13,31.2,4.12,0.8,16.28,94.5,3.28,NA,NA,-36,-5.6
AGW01,2,N4d,1-1stream,1,1,Stream,5,8,2021,5/8/2021,13:12:00,NA,NA,5.4,NA,NA,7.38,22.8,574.6,NA,NA,5.72,286.4,0.42,3.63,<0.13,30.88,4.5,3.9,16.66,86.81,3.36,NA,NA,-35,-5.6
AGW01,2,N4d,1-1stream,1,1,Stream,5,8,2021,5/8/2021,21:48:00,NA,NA,5.9,NA,NA,7.02,16.9,1020,NA,NA,4.07,203.9,0.31,2.87,0.15,23.03,3.32,2.17,10.8,58.51,2.16,5.81,<0.95,-31,-5.1
AGW01,2,N4d,1-1stream,1,1,Stream,5,8,2021,5/8/2021,22:40:00,NA,NA,5.5,NA,NA,7.11,15.4,813.1,NA,NA,5.67,283.8,0.39,6.54,<0.13,29.2,4.06,1.63,15.01,78.32,3.12,3.35,<0.95,-33,-5.4
AGW01,2,N4d,1-1stream,1,1,Stream,5,8,2021,5/8/2021,23:25:00,NA,NA,4.4,NA,NA,7.05,15.6,554.3,NA,NA,4.25,212.8,0.33,25.49,<0.13,24.01,7.54,29.14,12.25,62.35,2.48,3.43,<0.95,-27,-4.5
AGW01,2,N4d,1-1stream,1,1,Stream,5,9,2021,5/9/2021,0:10:00,NA,NA,5.6,NA,NA,7.02,15,589.1,NA,NA,4.09,204.9,0.32,40.07,<0.13,23.31,9.15,42.61,11.52,61.36,2.42,5.45,<0.95,-26,-4.4
AGW01,2,N4d,1-1stream,1,1,Stream,5,9,2021,5/9/2021,1:20:00,NA,NA,5.9,NA,NA,7.07,15.6,606.5,NA,NA,4.68,234.3,0.38,27.12,<0.13,28.66,8.01,30.8,14.29,69.54,2.94,5.12,<0.95,-29,-4.8
AGW01,2,N4d,1-1stream,1,1,Stream,5,9,2021,5/9/2021,2:41:00,NA,NA,5.1,NA,NA,7.62,14.6,564.1,NA,NA,4.84,242,0.4,11.94,<0.13,31.81,5.56,12.58,14.93,76.12,3.02,4.51,<0.95,-30,-4.9
AGW01,2,N4d,1-1stream,1,1,Stream,5,9,2021,5/9/2021,4:42:00,NA,NA,5.2,NA,NA,7.01,14,827.7,NA,NA,5.23,261.8,0.39,68.02,<0.13,32.52,14.21,69.65,15.77,82.22,3.21,3.85,<0.95,-32,-5.1
AGW01,2,N4d,1-1stream,1,1,Stream,5,10,2021,5/10/2021,10:10:00,NA,NA,4.8,NA,NA,7.83,12.9,568.7,NA,NA,5.34,267.3,0.44,3.01,<0.13,33.24,4.25,0.95,16.41,86.64,3.35,1.51,<0.95,-35,-5.6
AGW01,2,N4d,1-1stream,1,1,Stream,5,12,2021,5/12/2021,16:10:00,NA,NA,2.5,NA,NA,7.87,17.4,558,NA,NA,5.16,258.3,0.43,2.93,<0.13,33.27,4.43,1.18,16.59,86.04,3.41,1.7,<0.95,-36,-5.7
AGW01,2,N4d,1-1stream,1,1,Stream,5,14,2021,5/14/2021,17:38:00,NA,NA,2,NA,NA,7.93,17.7,NA,NA,NA,5.49,274.9,0.45,3.13,<0.13,34.03,5.84,1.07,16.55,88.77,3.33,1.61,<0.95,-35,-5.5
AGW01,2,N4d,1-1stream,1,1,Stream,5,22,2021,5/22/2021,18:08:00,NA,NA,1.9,NA,NA,7.97,17,524.9,NA,NA,5.73,287,0.42,2.77,<0.13,12.92,3.62,1.38,14.82,87.16,3.39,1.61,<0.95,-35,-5.5
AGW01,2,N4d,1-1stream,1,1,Stream,5,23,2021,5/23/2021,18:42:00,NA,NA,8.8,NA,NA,7.93,16.8,564.9,NA,NA,5.51,275.9,0.38,2.91,<0.13,12.99,4.01,1.58,15.14,88.64,3.49,1.52,<0.95,-35,-5.7
AGW01,2,N4d,1-1stream,1,1,Stream,5,24,2021,5/24/2021,13:31:00,NA,NA,8.8,NA,NA,8.08,17.3,500.3,NA,NA,5.46,273.2,0.42,9.12,0.13,13.51,3.57,1.18,15.27,86.5,3.27,1.87,<0.95,-35,-5.7
AGW01,2,N4d,1-1stream,1,1,Stream,5,26,2021,5/26/2021,10:12:00,NA,NA,8.9,NA,NA,8.06,16.3,505.8,NA,NA,5.75,287.7,0.39,3.67,<0.13,13.95,4.03,0.8,15.8,87.72,2.92,NA,NA,NA,NA
AGW01,2,N4d,1-1stream,1,1,Stream,5,26,2021,5/26/2021,10:12:00,NA,NA,8.9,NA,NA,8.06,16.3,505.8,NA,NA,5.75,287.7,0.39,3.67,<0.13,13.95,4.03,0.8,15.8,87.72,2.92,1.6,<0.95,-35,-5.7
AGW01,2,N4d,1-1stream,1,1,Stream,5,26,2021,5/26/2021,20:41:00,NA,NA,8.7,NA,NA,7.77,15.7,508.1,NA,NA,5.75,287.8,0.42,2.71,<0.13,14.74,3.96,1.52,15.51,87.49,3.34,2.83,<0.95,-35,-5.7
AGW01,2,N4d,1-1stream,1,1,Stream,5,26,2021,5/26/2021,21:40:00,NA,NA,9.2,NA,NA,7.88,15.7,506.9,NA,NA,5.74,287.2,0.42,2.83,<0.13,14.72,4.29,1.79,15.38,88.48,3.52,2.93,<0.95,-35,-5.7
AGW01,2,N4d,1-1stream,1,1,Stream,5,26,2021,5/26/2021,23:00:00,NA,NA,8.6,NA,NA,7.84,15.7,493.4,NA,NA,5.66,283.3,0.42,2.85,<0.13,14.78,3.74,1.3,15.43,89.39,3.27,2.6,<0.95,-35,-5.7
AGW01,2,N4d,1-1stream,1,1,Stream,5,27,2021,5/27/2021,0:00:00,NA,NA,8.7,NA,NA,7.81,15.8,505.8,NA,NA,5.67,283.8,0.43,2.73,<0.13,15.06,3.81,1.32,15.56,88.11,3.64,2.62,<0.95,-35,-5.7
AGW01,2,N4d,1-1stream,1,1,Stream,5,27,2021,5/27/2021,1:00:00,NA,NA,8.6,NA,NA,7.9,15.7,489.5,NA,NA,5.7,285,0.42,2.92,<0.13,14.74,3.69,1.32,15.07,86.9,3.33,2.84,<0.95,-35,-5.6
AGW01,2,N4d,1-1stream,1,1,Stream,5,27,2021,5/27/2021,2:00:00,NA,NA,8.7,NA,NA,7.92,15.4,475.1,NA,NA,5.36,268.3,0.4,2.82,0.15,13.95,3.67,1.52,14.55,93.75,3.19,3.74,<0.95,-33,-5.4
AGW01,2,N4d,1-1stream,1,1,Stream,5,27,2021,5/27/2021,3:30:00,NA,NA,8.7,NA,NA,7.86,15.3,491.8,NA,NA,5.45,272.9,0.42,2.87,<0.13,13.95,3.59,1.42,14.94,85.03,3.21,3.24,<0.95,-34,-5.5
AGW01,2,N4d,1-1stream,1,1,Stream,5,28,2021,5/28/2021,9:29:00,NA,NA,9.7,NA,NA,7.88,13.3,496.9,NA,NA,5.52,276.2,0.42,9.76,0.13,13.32,3.62,1.25,14.91,87.39,3.25,1.54,<0.95,-35,-5.6
AGW01,2,N4d,1-1stream,1,1,Stream,5,31,2021,5/31/2021,17:54:00,NA,NA,9.2,NA,NA,7.8,14.6,502.2,NA,NA,5.91,295.9,0.43,2.75,<0.13,13.84,3.63,1.3,15.21,88.68,3.41,3.29,17.32,-35,-5.6
AGW01,2,N4d,1-1stream,1,1,Stream,6,1,2021,6/1/2021,11:50:00,NA,NA,9.4,NA,NA,7.93,14.9,508,NA,NA,5.64,282.2,0.43,2.9,<0.13,13.85,3.39,1.22,15.7,88.34,3.46,2.86,21.7,-35,-5.5
AGW01,2,N4d,1-1stream,1,1,Stream,6,8,2021,6/8/2021,17:11:00,NA,NA,8.8,NA,NA,7.84,21.5,504.6,NA,NA,5.61,280.9,0.42,2.77,<0.13,16.48,3.51,1.1,16.28,88.87,3.23,2.39,<0.95,-35,-5.6
AGW01,2,N4d,1-1stream,1,1,Stream,6,11,2021,6/11/2021,13:32:00,NA,NA,NA,NA,NA,7.61,20.6,515,NA,NA,5.73,286.5,0.43,3.04,<0.13,18.12,3.58,1.57,16.47,89.92,3.33,3.65,<0.95,-35,-5.6
AGW01,2,N4d,1-1stream,1,1,Stream,6,11,2021,6/11/2021,14:29:00,NA,NA,NA,NA,NA,7.68,19.8,538,NA,NA,5.79,289.9,0.4,2.81,<0.13,18.13,3.67,1.47,16.41,88.55,3.52,2.89,<0.95,-35,-5.5
AGW01,2,N4d,1-1stream,1,1,Stream,6,11,2021,6/11/2021,15:30:00,NA,NA,NA,NA,NA,7.83,20.5,525,NA,NA,5.85,292.8,0.43,3.12,<0.13,18.42,3.49,1.22,16.15,89.59,3.45,2.87,<0.95,-35,-5.6
AGW01,2,N4d,1-1stream,1,1,Stream,6,14,2021,6/14/2021,16:19:00,NA,NA,NA,NA,NA,7.62,20.3,535,NA,NA,5.85,292.9,0.42,3.43,<0.13,20,3.87,1.31,16.79,87.28,3.55,2.84,<0.95,-35,-5.6
AGW01,2,N4d,1-1stream,1,1,Stream,6,22,2021,6/22/2021,12:34:00,NA,NA,NA,NA,NA,7.46,24.2,530,NA,NA,5.35,267.9,0.39,2.29,<0.13,29.91,4.14,1.29,17.81,85.98,3.41,2.58,9.24,-35,-5.5
AGW01,2,N4d,1-1stream,1,1,Stream,6,24,2021,6/24/2021,19:45:00,NA,NA,NA,NA,NA,8.04,26.9,511,NA,NA,5.27,263.7,0.37,2.31,<0.13,31.18,4.09,1.34,17.84,80,3.49,2.39,<0.95,-35,-5.5
AGW01,2,N4d,1-1stream,1,1,Stream,6,24,2021,6/24/2021,20:46:00,NA,NA,NA,NA,NA,8.01,26.4,500,NA,NA,5.62,281.2,0.28,1.94,<0.13,25.33,3.98,1.56,16.85,76.82,3.21,3.91,<0.95,-33,-5.3
AGW01,2,N4d,1-1stream,1,1,Stream,6,24,2021,6/24/2021,21:40:00,NA,NA,NA,NA,NA,8.05,25.4,515,NA,NA,5.62,281.3,0.37,2.32,0.19,30.23,4.14,1.56,17.42,77.22,3.47,3.63,<0.95,-34,-5.5
AGW01,2,N4d,1-1stream,1,1,Stream,6,25,2021,6/25/2021,15:25:00,NA,NA,NA,NA,NA,7.87,28.1,530,NA,NA,5.83,291.6,0.38,1.84,<0.13,31.53,4.1,1.4,17.84,84.85,3.49,2.98,<0.95,-35,-5.6
AGW01,2,N4d,1-1stream,1,1,Stream,6,26,2021,6/26/2021,19:00:00,NA,NA,NA,NA,NA,NA,NA,NA,NA,NA,4.89,244.7,0.38,2.05,<0.13,31.47,4.53,1.5,17.79,80.95,3.57,2.88,<0.95,-35,-5.6
AGW01,2,N4d,1-1stream,1,1,Stream,6,27,2021,6/27/2021,16:07:00,NA,NA,NA,NA,NA,8.07,27,510,NA,NA,1.44,72.3,0.38,2.01,<0.13,31.94,4.21,1.49,17.97,80.15,3.41,2.8,<0.95,-35,-5.5
AGW01,2,N4d,1-1stream,1,1,Stream,6,29,2021,6/29/2021,17:35:00,NA,NA,8,NA,NA,8.15,26.4,526.5,NA,NA,4.81,240.7,0.55,3.32,<0.13,29.89,4.09,1.74,17.41,83.18,3.43,2.68,1.99,-34,-5.4
AGW01,2,N4d,1-1stream,1,1,Stream,7,1,2021,7/1/2021,10:15:00,NA,NA,8.5,NA,NA,8.17,21.3,540.3,NA,NA,5.06,253.1,0.47,3.45,<0.13,30.1,2.55,1.08,11.39,54.41,2.35,2.56,<0.95,NA,NA
AGW01,2,N4d,1-1stream,1,1,Stream,7,15,2021,7/15/2021,12:45:00,NA,NA,7.7,NA,NA,8.16,21.3,441.2,NA,NA,4.32,216.2,0.37,2.6,<0.13,19.35,2.98,2.34,12.47,71.07,2.77,5.62,<0.95,-28,-4.9
AGW01,2,N4d,1-1stream,1,1,Stream,7,16,2021,7/16/2021,15:37:00,NA,NA,8.2,NA,NA,8.12,24.6,558,NA,NA,5.74,287.1,0.42,2.58,<0.13,30.35,4.6,1.35,18.18,89.89,3.74,2.08,<0.95,-34,-5.5
AGW01,2,N4d,1-1stream,1,1,Stream,3,27,2022,3/27/2022,12:21:00,NA,NA,10.6,402.5,548.9,8.08,11.4,574.9,NA,NA,5.51,275.9,0.41,1.95,<0.13,35.65,4.22,1.32,16.99,82.57,3.7,NA,NA,-35,-5.6
AGW01,2,N1b,1-1stream,1,1,Stream,3,27,2022,3/27/2022,15:00:00,NA,NA,9.8,485,624,7.62,13.1,566,NA,NA,5.75,287.9,0.4,2.07,<0.13,26.62,4.15,0.85,15.02,101,3.92,NA,NA,-36,-5.9
AGW01,2,N4d,1-1stream,1,1,Stream,4,16,2022,4/16/2022,9:10:00,NA,NA,NA,232.9,350.5,8.09,6.9,599,5.86,293.5,5.84,292.2,0.39,1.85,<0.13,39.63,4.62,0.84,17.52,83.37,3.56,NA,NA,-34,-5.4
AGW01,2,N1b,1-1stream,1,1,Stream,4,16,2022,4/16/2022,NA,NA,NA,NA,475,575,7.96,15.8,616.5,5.56,278.3,5.54,277.1,0.37,2.26,<0.13,33.74,5.05,0.9,16.67,88.3,3.96,NA,NA,-34,-5.3
AGW01,2,N4d,1-1stream,1,1,Stream,5,11,2022,5/11/2022,9:11:00,NA,NA,NA,456,532,8.14,17.6,525.1,5.74,287.1,5.71,285.8,0.39,1.82,<0.13,21.21,4.15,0.85,16.11,86.24,4.51,NA,NA,-35,-5.7
AGW01,2,N1b,1-1stream,1,1,Stream,5,11,2022,5/11/2022,13:00:00,NA,NA,NA,385.4,432,7.74,19.4,535,5.77,288.7,5.74,287.4,0.38,2.73,<0.13,17.89,4.44,1.21,14.73,88.09,4.52,NA,NA,-35,-5.7
AGW01,2,N4d,1-1stream,1,1,Stream,6,5,2022,6/5/2022,12:27:00,NA,NA,9,459,552,8.19,16.4,546.7,5.82,291.3,NA,290,0.44,1.98,<0.13,13.88,3.7,0.84,15.81,86.27,3.91,NA,NA,-35,-5.6
AGW01,2,N1b,1-1stream,1,1,Stream,6,6,2022,6/6/2022,8:28:00,NA,NA,8.1,501,606,7.72,15.9,605.9,5.94,297.1,NA,295.8,0.42,2.38,0.13,13.11,3.85,0.84,15.31,86.76,3.9,NA,NA,-35,-5.6
AGW01,2,N4d,1-1stream,1,1,Stream,6,28,2022,6/28/2022,NA,NA,NA,NA,NA,NA,7.97,17.8,561.5,5.98,299.3,NA,298,0.37,2.92,<0.13,12.6,3.5,0.77,16.11,87.72,3.2,NA,NA,-35,-5.2
AGW01,2,N1b,1-1stream,1,1,Stream,6,28,2022,6/28/2022,NA,NA,NA,NA,NA,NA,7.75,18.6,506,5.98,299.3,NA,298,0.4,2.89,<0.13,12.16,3.83,1.48,15.67,89.35,3.34,NA,NA,-35,-5.2
AGW01,2,N4d,1-1stream,1,1,Stream,7,29,2022,7/29/2022,8:31:00,NA,NA,8,489,555,7.96,18.7,555,5.48,274.4,NA,273.3,0.38,2.67,<0.13,27.34,4.27,0.95,18.08,81.69,4.43,NA,NA,-35,-5.2
AGW01,2,N4d,1-1stream,1,1,Stream,4,22,2023,4/22/2023,9:45:00,NA,NA,10.86,350,502,7.51,9.3,572.8,5.62,281.5,NA,NA,0.37,2.13,<0.13,41.7,4.12,0.57,17.78,86.03,2.85,NA,NA,-35,-5.8
AGW01,2,N1b,1-1stream,1,1,Stream,4,22,2023,4/22/2023,11:47:00,NA,NA,7.79,404.1,510,7.45,13.7,563.8,5.65,282.9,NA,NA,0.36,2.68,<0.13,35.23,4.46,0.8,16.86,84.64,2.89,NA,NA,-35,-5.9
AGW01,2,N4d,1-1stream,1,1,Stream,5,31,2023,5/31/2023,8:48:00,NA,NA,6.91,410.3,463,7.79,18.6,531.9,5.4,270.2,NA,NA,0.39,2.57,<0.13,29.38,4.48,0.49,17.45,89.06,3.06,NA,NA,NA,NA
AGW01,2,N4d,1-1stream,1,1,Stream,6,29,2023,6/29/2023,NA,NA,NA,NA,NA,NA,NA,NA,NA,NA,NA,NA,NA,NA,NA,NA,NA,NA,NA,NA,NA,NA,NA,NA,NA,NA
AGW01,2,N1b,1-1stream,1,1,Stream,6,29,NA,NA,NA,NA,NA,NA,NA,NA,NA,NA,NA,NA,NA,NA,NA,NA,NA,NA,NA,NA,NA,NA,NA,NA,NA,NA,NA,NA
AGW01,2,N4d,1-1stream,1,1,Stream,12,6,2023,12/6/2023,NA,NA,NA,NA,NA,NA,NA,NA,NA,NA,NA,NA,NA,NA,NA,NA,NA,NA,NA,NA,NA,NA,NA,NA,NA,NA
AGW01,2,N1b,1-1stream,1,1,Stream,12,4,2023,12/4/2023,NA,NA,NA,NA,NA,NA,NA,NA,NA,NA,NA,NA,NA,NA,NA,NA,NA,NA,NA,NA,NA,NA,NA,NA,NA,NA
AGW01,2,N1b,1-2Eis,1,2,Eis,5,31,2023,5/31/2023,10:57:00,50,NA,NA,NA,NA,NA,NA,NA,NA,NA,NA,NA,NA,NA,NA,NA,NA,NA,NA,NA,NA,NA,NA,NA,NA
AGW01,2,N1b,1-2Eis,1,2,Eis,6,29,2023,6/29/2023,NA,NA,NA,NA,NA,NA,NA,NA,NA,NA,NA,NA,NA,NA,NA,NA,NA,NA,NA,NA,NA,NA,NA,NA,NA,NA
AGW01,2,N1b,1-2Eis,1,2,Eis,12,4,2023,12/4/2023,13:00:00,49.98,NA,NA,NA,NA,NA,NA,NA,NA,NA,NA,NA,NA,NA,NA,NA,NA,NA,NA,NA,NA,NA,NA,NA,NA
AGW01,2,N1b,1-2Mor,1,2,Mor,10,12,NA,NA,NA,NA,NA,NA,NA,NA,NA,NA,NA,NA,NA,NA,NA,0.41,1.59,<0.13,338.53,11.21,2.05,25.7,161.41,8.36,NA,NA,NA,NA
AGW01,2,N1b,1-2Mor,1,2,Mor,11,28,2021,11/28/2021,8:47:00,68.76,NA,4.4,946,1240,7.2,12,1241,NA,NA,5.83,291.7,0.43,17.93,0.14,474.73,9.33,7.55,32.73,217.7,11.49,NA,NA,-38,-6
AGW01,2,N1b,1-2Mor,1,2,Mor,12,21,2021,12/21/2021,15:23:00,68.77,NA,NA,NA,NA,7.08,12.6,1502,NA,NA,5.5,275,0.38,7.78,<0.13,503.58,8.75,9.55,35.39,234.38,5.86,NA,NA,-38,-6
AGW01,2,N1b,1-2Mor,1,2,Mor,1,13,2022,1/13/2022,10:47:00,68.81,NA,4.7,1072,1365,7.21,13.3,1640,NA,NA,5.39,268.5,0.36,3.3,0.19,549.33,7.26,2.13,35.55,236.9,13.39,NA,NA,-38,-6
AGW01,2,N1b,1-2Mor,1,2,Mor,1,30,2022,1/30/2022,14:11:00,68.84,NA,NA,NA,NA,7.19,14.9,1413,NA,NA,5.34,267.2,0.38,1.57,0.18,567.14,6.92,1.55,38.54,245.71,12.95,NA,NA,-39,-6
AGW01,2,N1b,1-2Mor,1,2,Mor,3,27,2022,3/27/2022,10:48:00,68.92,NA,3.3,1233,1578,7.07,13.1,1475,NA,NA,5.76,288.3,0.4,23.16,0.18,611.59,11.32,26.08,39.58,248.2,14.7,NA,NA,-38,-6
AGW01,2,N1b,1-2Mor,1,2,Mor,4,16,2022,4/16/2022,12:48:00,68.77,NA,NA,1212,1520,7.89,14.3,1520,5.21,260.8,5.19,259.7,0.35,1.62,<0.13,665.13,6.55,1.44,38.24,263.81,14.45,NA,NA,-38,-6.1
AGW01,2,N1b,1-2Mor,1,2,Mor,5,11,2022,5/11/2022,12:10:00,68.61,NA,NA,1240,1470,7.44,17.5,1360,5.22,261.4,5.2,260.3,0.35,2.34,0.17,627.96,7.32,1.65,51.41,244.6,18.09,NA,NA,-38,-6
AGW01,2,N1b,1-2Mor,1,2,Mor,6,6,2022,6/6/2022,9:19:00,67.66,NA,5.4,1200,1470,7.08,15.6,1480,5.26,263.4,NA,262.3,0.35,2.72,0.63,553.22,9.35,1.85,39.72,244.26,13.12,NA,NA,-38,-6
AGW01,2,N1b,1-2Mor,1,2,Mor,6,28,2022,6/28/2022,NA,NA,NA,NA,NA,NA,7.08,15.2,893,5.44,272.2,NA,271.1,0.38,3.21,<0.13,248.13,15.09,3.33,30.04,151.76,7.33,NA,NA,-39,-5.7
AGW01,2,N1b,1-2Mor,1,2,Mor,8,1,2022,8/1/2022,9:40:00,67.72,NA,5.2,NA,NA,6.94,16.2,NA,5.41,270.6,NA,269.5,0.4,3.72,0.21,261.09,7.29,1.6,24.18,150.59,8.12,NA,NA,-37,-5.8
AGW01,2,N1b,1-2Mor,1,2,Mor,8,18,2022,8/18/2022,14:57:00,67.96,NA,7,887,973,7.09,20.4,115.6,5.48,274.2,NA,274.2,0.4,7.61,0.19,276.11,7.57,7.88,24.97,154.33,8.5,NA,NA,-37,-5.9
AGW01,2,N1b,1-2Mor,1,2,Mor,9,15,2022,9/15/2022,15:33:00,68.25,NA,14.6,854,1016,6.9,17.3,1025,5.29,264.6,NA,264.6,0.42,2.04,0.15,306.41,7.01,1.66,27.29,169.1,7.97,NA,NA,-38,-5.9
AGW01,2,N1b,1-2Mor,1,2,Mor,10,6,2022,10/6/2022,17:21:00,68.46,NA,6.6,972,1162,6.91,15.1,1106,5.14,257,NA,257,0.39,4.55,<0.13,359.23,7.6,4.28,28.06,191.55,9.41,NA,NA,-38,-5.9
AGW01,2,N1b,1-2Mor,1,2,Mor,10,30,2022,10/31/2022,14:28:00,68.56,NA,5.9,900,1068,7.04,15.8,1224,5.34,267.2,NA,266.7,0.41,9.34,<0.13,410.29,8.84,11.16,17.39,105.56,9.7,NA,NA,-38,-6
AGW01,2,N1b,1-2Mor,1,2,Mor,12,2,2022,12/2/2022,15:17:00,68.64,NA,6.8,1060,1316,6.91,14.6,1320,5.27,263.6,NA,263.1,0.38,8.46,0.19,516.08,8.29,9.62,35.66,226.3,11.22,NA,NA,-38,-6
AGW01,2,N1b,1-2Mor,1,2,Mor,4,18,2023,4/18/2023,14:11:00,49.94,NA,5.4,1081,1221,7.02,16.1,1280,5.08,254.4,NA,NA,0.38,3.69,<0.13,512.92,8.63,4.78,34.53,222.09,10.12,NA,NA,-39,-6.2
AGW01,2,N1b,1-2Mor,1,2,Mor,5,31,2023,5/31/2023,11:03:00,68.7,NA,NA,NA,NA,NA,NA,NA,NA,NA,NA,NA,NA,NA,NA,NA,NA,NA,NA,NA,NA,NA,NA,NA,NA
AGW01,2,N1b,1-2Mor,1,2,Mor,6,29,2023,6/29/2023,NA,NA,NA,NA,NA,NA,NA,NA,NA,NA,NA,NA,NA,NA,NA,NA,NA,NA,NA,NA,NA,NA,NA,NA,NA,NA
AGW01,2,N1b,1-2Mor,1,2,Mor,12,4,2023,12/4/2023,13:03:00,68.95,NA,5.77,1003,1260,6.77,14.2,994.5,5.3,265,NA,NA,0.38,2.96,<0.13,NA,8.45,5.1,39.77,233.93,11.55,NA,NA,-39,-6.3
AGW01,2,N1b,1-3Eis,1,3,Eis,10,12,NA,NA,NA,NA,NA,NA,NA,NA,NA,NA,NA,NA,NA,NA,NA,0.37,3.68,<0.13,62.27,15.96,13.96,0.3,130.42,6.64,NA,NA,NA,NA
AGW01,2,N1b,1-3Eis,1,3,Eis,10,31,2021,10/31/2021,8:25:00,68.81,NA,8.9,NA,1498,12.26,13.7,1574,NA,NA,5.6,280.4,0.42,56.38,<0.13,97.64,24.23,73.88,0.35,104.5,5.44,NA,NA,NA,NA
AGW01,2,N1b,1-3Eis,1,3,Eis,11,28,2021,11/28/2021,8:27:00,68.84,NA,6.7,1007,1314,12.24,12.7,1334,NA,NA,4.73,236.5,0.49,7.91,<0.13,109.02,15.83,16.25,0.26,108.14,6.3,NA,NA,-37,-5.7
AGW01,2,N1b,1-3Eis,1,3,Eis,1,30,2022,1/30/2022,14:36:00,68.89,NA,NA,NA,NA,12.16,14.7,854.7,NA,NA,2.89,144.4,0.43,2.79,0.15,112.58,12.85,8.4,0.73,80.84,5.08,NA,NA,-37,-5.6
AGW01,2,N1b,1-3Eis,1,3,Eis,2,27,2022,2/27/2022,11:51:00,68.89,NA,2.5,671,843,NA,NA,NA,NA,NA,2.78,139.3,0.4,3.59,0.14,88.4,13.48,7.81,0.57,80.3,6.8,NA,NA,-37,-5.9
AGW01,2,N1b,1-3Eis,1,3,Eis,3,27,2022,3/27/2022,10:33:00,68.83,NA,2.2,666,855,12.16,12.9,835,NA,NA,2.27,113.6,0.44,27.51,0.2,127.23,18.18,38.06,0.46,68.09,5.17,NA,NA,-37,-5.8
AGW01,2,N1b,1-3Eis,1,3,Eis,4,16,2022,4/16/2022,12:20:00,68.84,NA,NA,601,771,11.63,13.6,879,1.9,95.1,1.89,94.7,0.44,13.2,<0.13,129.37,14.6,18.15,0.77,72.53,5.49,NA,NA,-37,-5.8
AGW01,2,N1b,1-3Eis,1,3,Eis,5,11,2022,5/11/2022,11:49:00,68.13,NA,NA,486,585,10.86,17.5,526.2,0.82,40.9,0.81,40.7,0.54,4.07,0.17,215.82,13.27,7.12,5.18,90.29,6.8,NA,NA,-37,-5.9
AGW01,2,N1b,1-3Eis,1,3,Eis,6,6,2022,6/6/2022,8:47:00,67.6,NA,5.4,517,638,7.76,15.2,644.5,3.23,161.7,NA,161,0.47,2.74,0.23,150.16,9.17,5.38,20.34,78.02,8.03,NA,NA,-38,-6
AGW01,2,N1b,1-3Eis,1,3,Eis,6,28,2022,6/28/2022,NA,NA,NA,NA,NA,NA,7.7,16,518,3.15,157.6,NA,157,0.43,3.15,0.25,154.13,9.06,5.82,19.76,76.28,7.35,NA,NA,-39,-5.8
AGW01,2,N1b,1-3Eis,1,3,Eis,8,1,2022,8/1/2022,NA,68.4,NA,3.5,NA,NA,8.32,28.5,NA,3.11,155.7,NA,155.1,0.43,4.36,0.31,128.3,9.05,6.79,16.72,66.83,7.08,NA,NA,-37,-5.9
AGW01,2,N1b,1-3Eis,1,3,Eis,8,18,2022,8/18/2022,11:01:00,68.52,NA,5,396.3,476,NA,NA,NA,1.44,71.9,NA,71.9,0.46,10.9,0.28,147.14,11.74,15.89,10.95,54.15,5.61,NA,NA,-37,-5.9
AGW01,2,N1b,1-3Eis,1,3,Eis,12,4,2023,12/4/2023,13:30:00,NA,NA,NA,NA,NA,NA,NA,NA,NA,NA,NA,NA,NA,NA,NA,NA,NA,NA,NA,NA,NA,NA,NA,NA,NA
AGW01,2,N1b,1-3Mor,1,3,Mor,6,28,2022,6/28/2022,NA,NA,NA,NA,NA,NA,7.15,17.2,1256,5.17,258.7,NA,257.6,0.43,4.78,<0.13,573.3,15.56,2.11,60.63,214.18,16.52,NA,NA,-38,-5.9
AGW01,2,N1b,1-3Mor,1,3,Mor,6,29,NA,NA,NA,NA,NA,NA,NA,NA,NA,NA,NA,NA,NA,NA,NA,NA,NA,NA,NA,NA,NA,NA,NA,NA,NA,NA,NA,NA
AGW01,2,N1b,1-3Mor,1,3,Mor,12,4,2023,12/4/2023,13:33:00,90.2,NA,NA,NA,NA,NA,NA,NA,NA,NA,NA,NA,NA,NA,NA,NA,NA,NA,NA,NA,NA,NA,NA,NA,NA
AGW01,2,N4d,3-1stream,3,1,Stream,2,23,2021,2/23/2021,16:46:00,NA,NA,NA,NA,NA,6.8,1,1039,NA,NA,4.11,205.5,0.32,2.6,<0.13,61.19,4.16,1.73,14.96,70.65,2.78,NA,NA,NA,NA
AGW01,2,N4d,3-1stream,3,1,Stream,4,15,2021,4/15/2021,16:38:00,NA,NA,11.1,NA,NA,6.65,14.5,476,NA,NA,5.52,276,0.41,2.91,<0.13,26.7,4.24,0.76,15.93,89.04,3.31,NA,NA,NA,NA
AGW01,2,N4d,3-1stream,3,1,Stream,5,26,2021,5/26/2021,12:55:00,NA,NA,8.3,NA,NA,8.01,18,513.1,NA,NA,5.71,285.8,0.48,3.51,<0.13,14.61,3.83,0.69,15.87,86.88,2.97,NA,NA,NA,NA
AGW01,2,N4d,3-1stream,3,1,Stream,7,7,2021,7/7/2021,10:35:00,NA,NA,7.4,NA,NA,7.83,19.6,675,NA,NA,5.99,300,0.51,3.76,<0.13,33.59,5.07,1.33,17.97,95.62,3.65,NA,NA,NA,NA
AGW01,2,N4d,3-1stream,3,1,Stream,8,20,2021,8/20/2021,12:00:00,NA,NA,4.2,NA,NA,7.65,24,612,NA,NA,7.02,351.3,0.38,3.08,<0.13,40.95,5.64,4.99,19.63,98.32,3.52,NA,NA,NA,NA
AGW01,2,N4d,3-1stream,3,1,Stream,11,28,2021,11/28/2021,10:15:00,NA,NA,18.2,645,NA,7.87,7.6,675.8,NA,NA,6.66,333.2,0.4,2.82,<0.13,46.82,5.02,0.82,18.78,103.42,4.01,NA,NA,-35,-5.5
AGW01,2,N4d,3-1stream,3,1,Stream,12,21,2021,12/21/2021,14:27:00,NA,NA,NA,NA,NA,7.84,4,759.6,NA,NA,6.37,318.8,0.42,1.79,<0.13,49.93,5.16,1.05,21.49,108.29,3.83,NA,NA,-35,-5.6
AGW01,2,N4d,3-1stream,3,1,Stream,1,13,2022,1/13/2022,13:52:00,NA,NA,10.8,596,374.9,8,3.8,673.3,NA,NA,6.05,302.9,0.38,2.84,<0.13,55.96,4.71,0.65,20.56,105.38,4.19,NA,NA,-36,-5.6
AGW01,2,N4d,3-1stream,3,1,Stream,1,30,2022,1/30/2022,13:02:00,NA,NA,NA,NA,NA,7.58,3.1,748.6,NA,NA,6.52,326.2,0.4,1.82,<0.13,64.01,5.33,0.93,21.06,104.39,3.93,NA,NA,-36,-5.7
AGW01,2,N4d,3-1stream,3,1,Stream,3,2,2022,3/2/2022,11:50:00,NA,NA,4.9,NA,633,7.61,7.9,681.1,NA,NA,5.09,254.6,0.32,2.75,<0.13,76.74,4.96,0.94,20.7,110.94,4.42,NA,NA,-33,-5
AGW01,2,N4d,3-1stream,3,1,Stream,3,27,2022,3/27/2022,14:37:00,NA,NA,9.8,502,639,8.11,13.9,585.9,NA,NA,5.78,289.1,0.4,1.81,<0.13,35.21,4.22,0.84,17.12,83.42,3.64,NA,NA,-35,-5.7
AGW01,2,N4d,3-1stream,3,1,Stream,4,16,2022,4/16/2022,9:40:00,NA,NA,NA,385.3,579,8.17,7.8,632.6,6.03,301.9,6.01,300.6,0.38,1.75,<0.13,38.09,4.7,0.75,18.11,89.38,3.68,NA,NA,-35,-5.6
AGW01,2,N4d,3-1stream,3,1,Stream,5,11,2022,5/11/2022,9:45:00,NA,NA,NA,499,534,8.1,16.7,537.1,5.89,294.7,5.86,293.4,0.39,1.85,<0.13,21.36,4.11,0.8,16.09,88.44,4.65,NA,NA,-35,-5.7
AGW01,2,N4d,3-1stream,3,1,Stream,6,5,2022,6/5/2022,15:18:00,NA,NA,8.8,493,561,7.99,18.7,545.7,5.87,293.7,NA,292.4,0.43,2.06,<0.13,14.02,3.72,0.78,15.77,93.11,3.8,NA,NA,-35,-5.7
AGW01,2,N4d,3-1stream,3,1,Stream,6,28,2022,6/28/2022,NA,NA,NA,NA,NA,NA,7.9,17.7,572,6.06,303.3,NA,302.5,0.38,2.55,<0.13,12.63,3.55,0.92,16.19,89.77,NA,NA,NA,NA,NA
AGW01,2,N4d,3-1stream,3,1,Stream,7,29,2022,7/29/2022,13:30:00,NA,NA,7.9,538,592,7.83,20.02,604.7,6.24,312.1,NA,310.8,0.4,2.86,<0.13,27.21,4.57,1.07,18.13,90.63,3.62,NA,NA,-35,-5.2
AGW01,2,N4d,3-1stream,3,1,Stream,8,18,2022,8/18/2022,10:15:00,NA,NA,9,314.8,350.3,8.03,19.7,599.4,5.88,294.3,NA,294.3,0.4,3.04,<0.13,37.57,4.91,0.74,18.97,90.26,3.96,NA,NA,-34,-5.5
AGW01,2,N4d,3-1stream,3,1,Stream,9,15,2022,9/15/2022,14:41:00,NA,NA,6.3,500,543,7.91,20.5,565.3,5.21,260.8,NA,260.8,0.41,2.14,<0.13,44.47,5.51,1.08,20.4,77.66,3.4,NA,NA,-32,-5
AGW01,2,N4d,3-1stream,3,1,Stream,10,6,2022,10/6/2022,15:27:00,NA,NA,7.1,504,534,7.98,21.9,629.1,5.73,286.9,NA,286.9,0.39,3.05,<0.13,60.31,9.35,3.03,32.72,85.24,3.77,NA,NA,-32,-4.6
AGW01,2,N4d,3-1stream,3,1,Stream,10,30,2022,10/31/2022,11:21:00,NA,NA,5.3,458,628,7.75,10.7,671.5,6.56,328.1,NA,327.7,0.41,2.63,<0.13,50.43,6.52,2.87,24.41,104.56,4.05,NA,NA,-35,-5.4
AGW01,2,N4d,3-1stream,3,1,Stream,12,2,2022,12/2/2022,11:40:00,NA,NA,9.8,416.2,653,7.6,5.7,688.1,6.14,307.3,NA,307.1,0.39,2.11,<0.13,21.9,5.44,0.87,21.16,103.12,4.1,NA,NA,-35,-5.6
AGW01,2,N4d,3-1stream,3,1,Stream,2,21,2023,2/21/2023,13:23:00,NA,NA,9.6,403.8,577,7.63,8.9,615.6,5.76,288.5,NA,NA,0.38,1.98,<0.13,59.31,4.56,0.41,18.02,94.3,3.26,NA,NA,-37,-5.9
AGW01,2,N4d,3-1stream,3,1,Stream,4,18,2023,4/18/2023,NA,NA,NA,8.04,280.9,314,7.71,19.6,618.9,5.74,287.3,NA,NA,0.39,2.03,<0.13,46.16,4.66,0.44,18.7,90.36,3.13,NA,NA,-35,-5.7
AGW01,2,N4d,3-1stream,3,1,Stream,5,31,2023,5/31/2023,10:23:00,NA,NA,7.88,460,546,7.84,16.6,580.6,6.04,302.3,NA,NA,0.37,2.58,<0.13,30.61,4.5,0.5,18.21,120.15,3.45,NA,NA,-35,-5.8
AGW01,2,N4d,3-1stream,3,1,Stream,6,29,2023,6/29/2023,NA,NA,NA,NA,NA,NA,NA,NA,NA,5.57,278.7,NA,NA,0.36,2.89,<0.13,30.85,4.95,0.81,19.13,93.63,3.17,NA,NA,-35,-5.8
AGW01,2,N4d,3-1stream,3,1,Stream,12,6,2023,12/6/2023,NA,NA,NA,NA,NA,NA,NA,NA,NA,NA,NA,NA,NA,NA,NA,NA,NA,NA,NA,NA,NA,NA,NA,NA,NA,NA
AGW01,2,N4d,3-5-1Mor,3,5,Mor,2,23,2021,2/23/2021,15:53:00,35.24,364.4,NA,NA,NA,6.85,13.8,1416,NA,NA,6.25,312.7,0.39,4.1,<0.13,43.92,7.77,1.85,26.72,83.73,4.53,NA,NA,NA,NA
AGW01,2,N4d,3-5-1Mor,3,5,Mor,4,15,2021,4/15/2021,15:40:00,32.77,365.1,3.3,NA,NA,6.6,13.8,698.1,NA,NA,6.36,318.3,0.39,3.9,<0.13,40.5,7.07,1.54,27.44,90.08,4.55,NA,NA,NA,NA
AGW01,2,N4d,3-5-1Mor,3,5,Mor,5,26,2021,5/26/2021,12:15:00,33.4,364.9,2.1,NA,NA,7.3,16.8,605.7,NA,NA,6.31,315.6,0.46,4.89,<0.13,42.86,7.71,1.22,29.49,91.96,4.3,NA,NA,NA,NA
AGW01,2,N4d,3-5-1Mor,3,5,Mor,7,7,2021,7/7/2021,10:10:00,34.71,364.5,1.2,NA,NA,7.2,15.7,670,NA,NA,6.35,317.9,0.53,3.95,<0.13,41.68,6.81,1.17,28.43,94.57,4.3,NA,NA,NA,NA
AGW01,2,N4d,3-5-1Mor,3,5,Mor,8,20,2021,8/20/2021,11:50:00,35.31,364.4,1.7,NA,NA,7.18,15.3,637,NA,NA,6.43,321.5,0.35,3.91,<0.13,41.23,6.17,1.55,27.11,88.12,4.16,NA,NA,NA,NA
AGW01,2,N4d,3-5-1Mor,3,5,Mor,10,12,2021,10/12/2021,12:33:00,35.47,364.3,2.7,NA,NA,7.12,17.6,635,NA,NA,7.29,364.6,0.34,3.64,<0.13,38.52,6.64,1.18,25.69,80.13,4.32,NA,NA,NA,NA
AGW01,2,N4d,3-5-1Mor,3,5,Mor,10,31,2021,10/31/2021,10:44:00,35.27,364.4,3.8,NA,627,7.32,12.7,667,NA,NA,6.58,329.4,0.34,2.36,<0.13,38.01,6.39,1.13,26.21,113.52,4.9,NA,NA,NA,NA
AGW01,2,N4d,3-5-1Mor,3,5,Mor,11,28,2021,11/28/2021,10:43:00,35.09,364.4,6,471,620,7.33,12.2,691.6,NA,NA,6.95,348,0.36,3.45,<0.13,38.2,7.06,1.76,26.68,89.12,4.65,NA,NA,-37,-5.8
AGW01,2,N4d,3-5-1Mor,3,5,Mor,12,21,2021,12/21/2021,13:40:00,35.13,364.4,NA,NA,NA,7.2,13,718.9,NA,NA,6.34,317.5,0.4,6.78,<0.13,37.86,6.39,1.19,25.85,86.51,4.28,NA,NA,-37,-5.8
AGW01,2,N4d,3-5-1Mor,3,5,Mor,1,13,2022,1/13/2022,14:22:00,34.96,364.5,2.1,497,628,7.37,13.7,880,NA,NA,6.39,319.6,0.38,3.54,<0.13,38.18,6.29,1.31,31.18,98.29,4.87,NA,NA,-37,-5.9
AGW01,2,N4d,3-5-1Mor,3,5,Mor,1,30,2022,1/30/2022,12:08:00,35.04,364.4,NA,NA,NA,7.11,14,732.5,NA,NA,6.52,326.4,0.38,2.69,<0.13,43.33,6.5,1.24,29.73,96.97,4.56,NA,NA,-37,-5.7
AGW01,2,N4d,3-5-1Mor,3,5,Mor,3,2,2022,3/2/2022,10:57:00,34.92,364.5,0.9,542,662,7.31,14.1,716.1,NA,NA,6.07,303.8,0.34,3.36,<0.13,39.2,6.92,1.11,28.17,87.14,5.53,NA,NA,-37,-6
AGW01,2,N4d,3-5-1Mor,3,5,Mor,3,27,2022,3/27/2022,13:54:00,33.65,364.9,1.6,560,729,7.11,12.8,671.5,NA,NA,5.78,289.1,0.37,2.77,<0.13,46.92,7.17,1.4,27.36,84.68,4.3,NA,NA,-37,-5.9
AGW01,2,N4d,3-5-1Mor,3,5,Mor,4,16,2022,4/16/2022,11:32:00,34.33,364.7,NA,492,633,7.4,12.2,673.4,6.26,313.1,6.23,311.8,0.34,2.3,<0.13,38.93,6.82,1.28,26.72,195.95,6.1,NA,NA,-37,-5.8
AGW01,2,N4d,3-5-1Mor,3,5,Mor,5,11,2022,5/11/2022,10:00:00,32.24,365.3,NA,544,686,7.14,14.5,616.9,6.25,312.9,6.23,311.6,0.34,4.07,<0.13,40.06,7.08,3.09,24.53,86.17,NA,NA,NA,-37,-5.9
AGW01,2,N4d,3-5-1Mor,3,5,Mor,6,5,2022,6/5/2022,13:35:00,34.19,364.7,0.6,556,685,7.21,14.1,629,6.25,312.9,NA,311.6,0.39,3.27,<0.13,39.65,6.46,1.24,26.49,83.55,5.02,NA,NA,-37,-5.8
AGW01,2,N4d,3-5-1Mor,3,5,Mor,6,28,2022,6/28/2022,9:30:00,34.16,364.7,1.4,NA,NA,7.17,17.7,825,6,300.3,NA,299,0.4,7.64,0.4,42.02,6.98,1.76,27.83,85.19,4.3,NA,NA,-38,-5.8
AGW01,2,N4d,3-5-1Mor,3,5,Mor,7,29,2022,7/29/2022,11:55:00,34.97,364.5,1.7,524,659,7.12,13.8,642.2,6.32,316.1,NA,314.7,0.4,3.48,<0.13,37.24,6.51,1.36,23.24,83.47,4.29,NA,NA,-38,-5.5
AGW01,2,N4d,3-5-1Mor,3,5,Mor,8,18,2022,8/18/2022,9:25:00,35.2,364.4,1.4,499,633,7.3,14.3,653.9,6.32,316.3,NA,316.3,0.39,3.6,<0.13,38.22,5.04,NA,25.95,79.15,4.87,NA,NA,-37,-5.8
AGW01,2,N4d,3-5-1Mor,3,5,Mor,9,15,2022,9/15/2022,13:56:00,35.69,364.2,1,516,642,7.1,14.9,651.3,6.24,312.3,NA,312.3,0.4,2.88,<0.13,37.91,7.36,1.28,28.62,97.32,4.17,NA,NA,-36,-5.8
AGW01,2,N4d,3-5-1Mor,3,5,Mor,10,6,2022,10/6/2022,14:16:00,35.01,364.4,2.1,580,701,7.1,14.7,656.5,6.3,315.3,NA,315.3,0.38,5.09,0.24,36.81,7.56,2.29,27.73,95.26,4.06,NA,NA,-37,-5.8
AGW01,2,N4d,3-5-1Mor,3,5,Mor,10,30,2022,10/31/2022,12:07:00,35.54,364.3,0.8,478,603,7.15,14.2,629.9,6.28,314.5,NA,313.9,0.4,2.61,<0.13,41.94,6.92,1.16,29.65,88.09,4.14,NA,NA,-36,-5.8
AGW01,2,N4d,3-5-1Mor,3,5,Mor,12,2,2022,12/2/2022,11:00:00,35.28,364.4,1.3,495,629,7.21,13.6,646,6.26,313.5,NA,312.9,0.37,2.53,<0.13,42.5,6.68,1,27.77,85.5,4.43,NA,NA,-36,-5.8
AGW01,2,N4d,3-5-1Mor,3,5,Mor,2,21,2023,2/21/2023,12:40:00,34.5,364.6,1.7,465,615,7.18,12.6,635.2,6.23,311.7,NA,NA,0.39,2.88,<0.13,NA,6.81,1.22,28.29,85.65,3.96,NA,NA,-37,-6
AGW01,2,N4d,3-5-1Mor,3,5,Mor,4,18,2023,4/18/2023,12:48:00,34.44,364.6,1.27,466,602,7.3,13.4,647.4,6.16,308.1,NA,NA,0.36,3.04,<0.13,55.38,6.62,1.15,26.71,82.06,3.84,NA,NA,-37,-6
AGW01,2,N4d,3-5-1Mor,3,5,Mor,4,22,2023,4/22/2023,10:45:00,34.3,364.7,NA,NA,NA,NA,NA,NA,NA,NA,NA,NA,NA,NA,NA,NA,NA,NA,NA,NA,NA,NA,NA,NA,NA
AGW01,2,N4d,3-5-1Mor,3,5,Mor,5,31,2023,5/31/2023,NA,34.95,364.5,2.54,458,591,7.11,13.5,622.8,6.3,315.1,NA,NA,0.33,3.64,<0.13,41.09,6.76,1.53,32.26,99.36,4.16,NA,NA,-37,-6
AGW01,2,N4d,3-5-1Mor,3,5,Mor,6,29,2023,6/29/2023,NA,NA,NA,NA,NA,NA,NA,NA,NA,6.37,318.7,NA,NA,0.33,4.28,<0.13,40.93,7.22,1.33,27.91,89.1,4.07,NA,NA,-37,-6.1
AGW01,2,N4d,3-5-1Mor,3,5,Mor,9,10,2023,9/10/2023,10:11:00,36.34,364,1.95,480,616,6.73,13.4,641.2,6.32,316.5,NA,NA,0.37,3.92,<0.13,39.13,6.54,1.32,27,85.75,4.09,NA,NA,-37,-6.1
AGW01,2,N4d,3-5-1Mor,3,5,Mor,10,27,2023,10/27/2023,14:15:00,35.9,364.2,1.13,466,600,6.94,13.2,676.9,6.34,317.5,NA,NA,0.32,6.66,<0.13,42.35,7.34,5.97,27.05,84.3,4.12,NA,NA,-37,-6.1
AGW01,2,N4d,3-5-1Mor,3,5,Mor,12,6,2023,12/6/2023,11:33:00,35.84,364.2,1.06,516,662,7.01,12.8,633,6.33,316.9,NA,NA,0.36,3.29,<0.13,41.09,7.21,1.55,27.33,82.72,4.08,NA,NA,-37,-6.1
AGW01,2,N4d,3-5Mor,3,5,Mor,2,23,2021,2/23/2021,16:22:00,20.22,365,NA,NA,NA,6.92,9.6,689.5,NA,NA,6.27,313.6,0.77,4.37,<0.13,56.75,5.56,1.42,20.12,98.36,3.89,NA,NA,NA,NA
AGW01,2,N4d,3-5Mor,3,5,Mor,4,15,2021,4/15/2021,16:00:00,17.54,365.8,7.3,NA,NA,6.56,13.1,573.4,NA,NA,5.51,275.9,0.49,3.27,<0.13,27.36,4.82,1.2,16.42,86.04,3.56,NA,NA,NA,NA
AGW01,2,N4d,3-5Mor,3,5,Mor,5,26,2021,5/26/2021,12:30:00,18.59,365.5,4.8,NA,NA,7.35,15.8,528.2,NA,NA,5.74,287.2,0.56,4.2,<0.13,15.55,5.06,0.76,16.82,92.11,3.07,NA,NA,NA,NA
AGW01,2,N4d,3-5Mor,3,5,Mor,7,7,2021,7/7/2021,10:30:00,20.55,364.9,6.2,NA,NA,7.26,17.4,832,NA,NA,7.21,360.8,0.6,3.63,<0.13,22.25,5.45,1.6,17.47,99.74,3.55,NA,NA,NA,NA
AGW01,2,N4d,3-5Mor,3,5,Mor,8,20,2021,8/20/2021,11:25:00,21.01,364.8,6,NA,NA,7.05,19.1,634.1,NA,NA,6.77,338.6,0.43,2.95,<0.13,30.06,6.11,2.36,20.05,110.15,3.81,NA,NA,NA,NA
AGW01,2,N4d,3-5Mor,3,5,Mor,10,12,2021,10/12/2021,12:56:00,21.05,364.8,10.7,NA,NA,6.98,18,710,NA,NA,7.49,375,0.41,3.23,<0.13,33.89,5.4,0.96,20.45,24.05,4.17,NA,NA,NA,NA
AGW01,2,N4d,3-5Mor,3,5,Mor,10,31,2021,10/31/2021,11:07:00,21.02,364.8,12,NA,626,7.1,15.2,779.9,NA,NA,6.96,348.5,0.4,1.83,<0.13,36.35,5.26,1.21,27.24,110.57,4.25,NA,NA,NA,NA
AGW01,2,N4d,3-5Mor,3,5,Mor,11,28,2021,11/28/2021,11:03:00,20.85,364.8,12.8,527,670,7.1,13.7,888.9,NA,NA,7.89,395.1,0.4,3.14,<0.13,38.55,5.07,1.07,26.21,113.52,4.16,NA,NA,-35,-5.6
AGW01,2,N4d,3-5Mor,3,5,Mor,12,21,2021,12/21/2021,14:08:00,20.82,364.8,NA,NA,NA,7.26,13.3,805.7,NA,NA,6.73,336.8,0.46,15.35,0.14,37.47,7.63,16.99,19.92,106.33,3.98,NA,NA,-35,-5.5
AGW01,2,N4d,3-5Mor,3,5,Mor,1,13,2022,1/13/2022,13:50:00,20.65,364.9,9.2,502,649,7.24,12.8,1247,NA,NA,7.22,361.3,0.42,3.41,<0.13,42.44,4.9,0.96,23.66,104.72,3.93,NA,NA,-36,-5.6
AGW01,2,N4d,3-5Mor,3,5,Mor,1,30,2022,1/30/2022,12:41:00,20.39,365,NA,NA,NA,7.12,11.9,654.3,NA,NA,6.41,320.9,0.4,2,<0.13,47.82,4.75,0.8,22.53,119.78,3.57,NA,NA,-36,-5.7
AGW01,2,N4d,3-5Mor,3,5,Mor,3,2,2022,3/2/2022,11:49:00,19.92,365.1,9,547,741,7.12,11,998.7,NA,NA,6.17,308.6,0.35,2.95,<0.13,49.2,5.1,0.85,19.58,99.63,4.22,NA,NA,NA,NA
AGW01,2,N4d,3-5Mor,3,5,Mor,3,27,2022,3/27/2022,14:18:00,18.18,365.6,9.3,493,690,7.31,8.7,588.8,NA,NA,5.91,295.7,0.41,2.47,<0.13,34.51,4.63,0.92,17.5,94.18,3.24,NA,NA,-36,-5.8
AGW01,2,N4d,3-5Mor,3,5,Mor,4,16,2022,4/16/2022,9:50:00,19.65,365.2,NA,413,584,7.45,9.1,627.9,5.92,296.5,5.9,295.2,0.39,1.93,<0.13,34.28,4.82,0.87,17.97,92.85,3.41,NA,NA,-36,-5.7
AGW01,2,N4d,3-5Mor,3,5,Mor,5,11,2022,5/11/2022,9:28:00,19.9,365.1,NA,617,588,7.33,12.2,588.2,6.1,305.1,6.07,303.8,0.41,2.32,<0.13,27.02,5.29,1.34,17.65,91.63,4.36,NA,NA,-35,-5.7
AGW01,2,N4d,3-5Mor,3,5,Mor,6,5,2022,6/5/2022,NA,20.24,365,8.6,528,660,7.22,13.6,623.5,6.54,327.5,NA,326.1,0.44,2.91,<0.13,18.13,5.36,1.36,18.66,97.86,4.37,NA,NA,-35,-5.6
AGW01,2,N4d,3-5Mor,3,5,Mor,6,28,2022,6/28/2022,NA,19.52,365.2,5.2,NA,NA,7.07,19.5,780.8,6.37,318.8,NA,317.4,0.42,3.6,<0.13,13.76,5.49,3.25,21.05,101.13,3.61,NA,NA,-34,-5.4
AGW01,2,N4d,3-5Mor,3,5,Mor,7,29,2022,7/29/2022,13:11:00,20.77,364.8,4.9,569,667,7.04,16.7,642.5,6.64,332.5,NA,331.1,0.42,3.08,<0.13,19.57,4.89,1.17,18.36,97.33,3.52,NA,NA,-35,-5.3
AGW01,2,N4d,3-5Mor,3,5,Mor,8,18,2022,8/18/2022,NA,20.92,364.8,5.4,558,663,7.21,17.4,653.3,5.88,294.3,NA,294.3,0.44,4.24,<0.13,24.09,5.16,2.68,19.23,99.53,4.17,NA,NA,-34,-5.4
AGW01,2,N4d,3-5Mor,3,5,Mor,9,15,2022,9/15/2022,14:23:00,21.08,364.8,7.5,579,660,6.94,17.4,662.6,6.6,330.3,NA,330.3,0.39,2.53,<0.13,31.27,6.5,1.38,20.14,103.32,3.58,NA,NA,-35,-5.5
AGW01,2,N4d,3-5Mor,3,5,Mor,10,6,2022,10/6/2022,14:55:00,21.07,364.8,8.5,633,734,6.98,17.2,672.1,6.53,326.7,NA,326.7,0.43,4.3,<0.13,35.6,5.87,2.5,19.25,106.46,3.33,NA,NA,-34,-5.5
AGW01,2,N4d,3-5Mor,3,5,Mor,10,30,2022,10/31/2022,13:04:00,20.97,364.8,8.1,530,630,7.07,16.8,702.34,6.5,325.5,NA,324.7,0.44,2.93,<0.13,37.91,5.59,2.18,22.5,108.1,3.62,NA,NA,-35,-5.5
AGW01,2,N4d,3-5Mor,3,5,Mor,12,2,2022,12/2/2022,11:24:00,20.82,364.8,8.3,524,649,7.21,14.1,696,6.33,316.9,NA,316.3,0.37,2.45,<0.13,44.43,5.34,1,17.74,99.65,3.76,NA,NA,-35,-5.6
AGW01,2,N4d,3-5Mor,3,5,Mor,2,21,2023,2/21/2023,13:04:00,19.52,365.2,10.3,403.7,583,6.63,8.7,604.9,5.72,286.1,NA,NA,0.38,2.68,<0.13,56.9,4.54,0.94,20.29,96.52,3.22,NA,NA,-36,-5.9
AGW01,2,N4d,3-5Mor,3,5,Mor,4,18,2023,4/18/2023,13:12:00,20.13,365,9.87,428.9,596,7.4,10.3,623.2,5.92,296.1,NA,NA,0.37,2.6,<0.13,57.85,4.84,0.92,18.32,90.94,3.17,NA,NA,-36,-5.8
AGW01,2,N4d,3-5Mor,3,5,Mor,4,22,2023,4/22/2023,11:27:00,19.65,365.2,NA,NA,NA,NA,NA,NA,NA,NA,NA,NA,NA,NA,NA,NA,NA,NA,NA,NA,NA,NA,NA,NA,NA
AGW01,2,N4d,3-5Mor,3,5,Mor,5,31,2023,5/31/2023,10:00:00,20.65,364.9,8.42,439,537,7.06,12.3,643.5,6.2,310.5,NA,NA,0.37,3.18,<0.13,27.59,5.04,1.13,23.29,113.22,3.8,NA,NA,-36,-5.8
AGW01,2,N4d,3-5Mor,3,5,Mor,6,29,2023,6/29/2023,NA,NA,NA,NA,NA,NA,NA,NA,NA,6.68,334.3,NA,NA,0.36,3.37,<0.13,26.7,5.73,1.09,20.11,103.28,3.54,NA,NA,-35,-5.8
AGW01,2,N4d,3-5Mor,3,5,Mor,9,10,2023,9/10/2023,10:45:00,21.79,364.5,NA,NA,NA,6.76,15.1,NA,6.91,345.7,NA,NA,0.46,8.36,<0.13,35.4,6.15,4.41,20.46,107,3.57,NA,NA,-35,-5.8
AGW01,2,N4d,3-5Mor,3,5,Mor,10,27,2023,10/27/2023,13:57:00,21.09,364.8,8.03,580,736,6.71,13.9,761.8,7.1,355.2,NA,NA,0.34,10.27,<0.13,56.26,7.88,9.33,22.85,118.42,4.1,NA,NA,-34,-5.6
AGW01,2,N4d,3-5Mor,3,5,Mor,12,6,2023,12/6/2023,11:07:00,21,364.8,8.11,507,647,6.94,13.3,711.8,6.43,321.9,NA,NA,0.37,3.21,<0.13,66.19,5.85,1.06,20.87,104.03,3.54,NA,NA,-37,-6
AGW01,2,N4d,4-1stream,4,1,Stream,2,23,2021,2/23/2021,14:09:00,NA,NA,NA,NA,NA,6.98,6.7,1228,NA,NA,5.54,277.4,0.31,2.65,<0.13,59.55,5.12,1.77,18,95.3,3.44,NA,NA,NA,NA
AGW01,2,N4d,4-1stream,4,1,Stream,4,15,2021,4/15/2021,13:29:00,NA,NA,9,NA,NA,7.41,14.6,491.8,NA,NA,5.7,285.4,0.44,3.1,<0.13,24.22,4.26,0.54,16.49,89.32,3.48,NA,NA,NA,NA
AGW01,2,N4d,4-1stream,4,1,Stream,5,26,2021,5/26/2021,10:40:00,NA,NA,8.1,NA,NA,7.96,16.4,460,NA,NA,5.76,288.2,0.49,3.55,<0.13,13.71,3.92,0.76,15.77,86.7,2.96,NA,NA,NA,NA
AGW01,2,N4d,4-1stream,4,1,Stream,7,7,2021,7/7/2021,9:00:00,NA,NA,5.9,NA,NA,7.54,17.9,671,NA,NA,6.61,331,0.59,3.43,<0.13,24.13,4.85,0.95,17.75,103.42,3.7,NA,NA,NA,NA
AGW01,2,N4d,4-1stream,4,1,Stream,8,20,2021,8/20/2021,9:10:00,NA,NA,5.4,NA,NA,7.44,20.9,599.7,NA,NA,6.91,345.6,0.4,2.78,<0.13,33.64,4.58,1.58,18.64,102.26,3.61,NA,NA,NA,NA
AGW01,2,N4d,4-1stream,4,1,Stream,10,12,2021,10/12/2021,12:13:00,NA,NA,9.1,NA,NA,7.59,17.3,696,NA,NA,NA,NA,NA,NA,NA,NA,NA,NA,NA,NA,NA,NA,NA,NA,NA
AGW01,2,N4d,4-1stream,4,1,Stream,11,28,2021,11/28/2021,9:00:00,NA,NA,10.3,634,NA,7.4,9.9,665.9,NA,NA,6.28,314.1,0.37,2.85,<0.13,20.83,4.95,0.78,18.55,106.87,3.89,NA,NA,-35,-5.6
AGW01,2,N4d,4-1stream,4,1,Stream,12,21,2021,12/21/2021,13:24:00,NA,NA,NA,NA,NA,7.38,9.6,730.1,NA,NA,6.33,316.6,0.43,1.76,<0.13,43.54,5.03,0.8,20.94,109.59,3.78,NA,NA,-35,-5.6
AGW01,2,N4d,4-1stream,4,1,Stream,1,13,2022,1/13/2022,NA,NA,NA,NA,NA,NA,NA,NA,NA,NA,NA,6.4,320.5,0.38,2.86,<0.13,49,4.94,0.68,22,114.31,4.33,NA,NA,-36,-5.7
AGW01,2,N4d,4-1stream,4,1,Stream,1,30,2022,1/30/2022,11:58:00,NA,NA,NA,NA,NA,7.68,6.9,669.8,NA,NA,6.26,313.2,0.4,1.99,<0.13,50.16,4.92,0.67,21.42,106.18,3.83,NA,NA,-36,-5.7
AGW01,2,N4d,4-1stream,4,1,Stream,3,2,2022,3/2/2022,8:24:00,NA,NA,7.4,NA,697,7.56,7.4,694.8,NA,NA,5.97,298.7,0.35,3.33,<0.13,52.61,5.14,1,18.17,100.9,4.63,NA,NA,-36,-5.8
AGW01,2,N4d,4-1stream,4,1,Stream,3,27,2022,3/27/2022,13:35:00,NA,NA,10.5,308,402.3,7.94,12.7,546.8,NA,NA,5.88,294.4,0.41,1.87,<0.13,30.65,4.41,0.8,17.53,86.17,3.56,NA,NA,-35,-5.7
AGW01,2,N4d,4-1stream,4,1,Stream,4,16,2022,4/16/2022,10:19:00,NA,NA,NA,420.5,577,7.95,10.2,633.9,5.96,298.5,5.94,297.2,0.4,1.64,<0.13,33.51,4.6,0.76,17.68,88.14,3.57,NA,NA,-35,-5.6
AGW01,2,N4d,4-1stream,4,1,Stream,5,11,2022,5/11/2022,11:07:00,NA,NA,NA,456,535,7.92,17.6,535.7,5.9,295.1,5.87,293.8,0.4,1.64,<0.13,19.53,4.11,0.8,15.94,90.19,4.5,NA,NA,-35,-5.7
AGW01,2,N4d,4-1stream,4,1,Stream,6,5,2022,6/5/2022,12:27:00,NA,NA,8.7,476,558,7.89,17.8,549.7,5.84,292.1,NA,290.8,0.44,2.07,<0.13,12.7,3.87,1.85,15.79,88.53,3.86,NA,NA,-36,-5.5
AGW01,2,N4d,4-1stream,4,1,Stream,6,28,2022,6/28/2022,NA,NA,NA,NA,NA,NA,NA,NA,NA,NA,0,NA,NA,NA,NA,NA,NA,NA,NA,NA,NA,NA,NA,NA,NA,NA
AGW01,2,N4d,4-1stream,4,1,Stream,7,29,2022,7/29/2022,11:45:00,NA,NA,7.3,340.1,377.9,7.69,19.6,562.9,6.31,315.7,NA,314.3,0.42,2.61,<0.13,21.45,4.31,0.75,17.83,92.61,3.55,NA,NA,-35,-5.1
AGW01,2,N4d,4-1stream,4,1,Stream,8,18,2022,8/18/2022,9:15:00,NA,NA,7.6,539,617,7.83,18.4,627.6,6.39,319.7,NA,319.7,0.43,3.12,<0.13,29.74,5.67,1.74,17.71,90.56,4.15,NA,NA,-35,-5.6
AGW01,2,N4d,4-1stream,4,1,Stream,9,15,2022,9/15/2022,13:47:00,NA,NA,8.5,563,598,7.49,21.8,630.8,6.2,310.5,NA,310.5,0.45,1.75,<0.13,36.68,5.44,0.8,19.69,109.39,3.77,NA,NA,-34,-5.4
AGW01,2,N4d,4-1stream,4,1,Stream,10,6,2022,10/6/2022,14:04:00,NA,NA,3.4,585,661,7.15,18.8,701.9,6.26,313.1,NA,313.1,0.37,3.07,<0.13,51.87,5.97,1.52,19.59,98.32,3.96,NA,NA,-35,-5.5
AGW01,2,N4d,4-1stream,4,1,Stream,10,30,2022,10/31/2022,10:57:00,NA,NA,5.7,480,618,7.3,12.5,688.2,6.57,328.7,NA,328.2,0.42,1.86,<0.13,47.25,5.65,1.56,20.55,86.55,3.94,NA,NA,-35,-5.6
AGW01,2,N4d,4-1stream,4,1,Stream,12,2,2022,12/2/2022,10:50:00,NA,NA,8.8,269.5,386,7.82,8.8,675.8,6.28,314.5,NA,314.2,0.39,2,<0.13,57.53,5.26,0.71,20.1,99.04,3.91,NA,NA,-36,-5.7
AGW01,2,N4d,4-1stream,4,1,Stream,2,21,2023,2/21/2023,12:28:00,NA,NA,10.8,405.5,567,7.48,10.1,600.2,5.75,287.9,NA,NA,0.39,2.13,<0.13,54.75,5.6,0.44,20.58,97.13,3.13,NA,NA,-37,-5.9
AGW01,2,N4d,4-1stream,4,1,Stream,4,18,2023,4/18/2023,12:40:00,NA,NA,8.05,410.2,428,7.45,18.5,613.2,6.22,311.5,NA,NA,0.41,2,0.37,36.86,4.87,0.44,19.37,96.12,3.24,NA,NA,-36,-5.8
AGW01,2,N4d,4-1stream,4,1,Stream,5,31,2023,5/31/2023,NA,NA,NA,7.85,423.4,509,7.66,16.2,329.6,6.17,308.9,NA,NA,0.4,2.56,<0.13,24.23,4.53,0.51,18.02,116.45,3.34,NA,NA,-35,-5.8
AGW01,2,N4d,4-1stream,4,1,Stream,6,29,2023,6/29/2023,NA,NA,NA,NA,NA,NA,NA,NA,NA,6.29,314.7,NA,NA,NA,NA,<0.13,27.24,5.21,0.96,19.28,99.73,3.41,NA,NA,-35,-5.8
AGW01,2,N4d,4-1stream,4,1,Stream,9,10,2023,9/10/2023,9:58:00,NA,NA,5.65,579,652,7.33,19.2,693,6.26,313.3,NA,NA,0.37,3.31,<0.13,75.63,5.93,2.67,23.45,102.18,3.89,NA,NA,-36,-5.7
AGW01,2,N4d,4-1stream,4,1,Stream,10,27,2023,10/27/2023,NA,NA,NA,2.97,NA,381.1,7.82,13.2,700,6.68,334.1,NA,NA,0.34,2.93,<0.13,71.56,5.98,2.39,24.35,110,4.13,NA,NA,-36,-5.7
AGW01,2,N4d,4-1stream,4,1,Stream,12,6,2023,12/6/2023,12:55:00,NA,NA,6.9,313.3,445,7.01,8.9,784,6.41,320.7,NA,NA,0.38,2.96,<0.13,51.01,6.04,1.4,22.84,106.67,3.88,NA,NA,-37,-6
AGW01,2,N4d,4-2Eis1,4,2,Eis1,12,6,2023,12/6/2023,13:09:00,12.35,371.1,2.49,506,621,7.06,15.2,631.8,6.66,333.5,NA,NA,0.43,5.25,<0.13,32.3,6.79,5.58,26.36,85.98,5.31,NA,NA,-36,-5.9
AGW01,2,N4d,4-2Eis2,4,2,Eis2,12,6,2023,12/6/2023,13:33:00,12.56,371.1,2.27,680,835,6.96,15.5,1008,5.84,292.3,NA,NA,0.38,13.9,<0.13,33.45,9.92,15.19,30.68,147.68,5.42,NA,NA,-37,-5.9
AGW01,2,N4d,4-2Mor,4,2,Mor,2,23,2021,2/23/2021,13:53:00,35.92,364.3,NA,NA,NA,NA,NA,NA,NA,NA,NA,NA,NA,NA,NA,NA,NA,NA,NA,NA,NA,NA,NA,NA,NA
AGW01,2,N4d,4-2Mor,4,2,Mor,4,15,2021,4/15/2021,12:54:00,34.13,364.8,8.6,NA,NA,6.53,14.6,504.1,NA,NA,6.08,304,0.46,3.6,<0.13,34.16,4.92,1.64,17.18,89.04,3.66,NA,NA,NA,NA
AGW01,2,N4d,4-6Eis1,4,6,Eis1,2,23,2021,2/23/2021,15:03:00,22.29,369.6,NA,NA,NA,6.8,14.6,1216,NA,NA,5.95,297.7,3.43,11.61,0.34,19.84,9.48,4.1,22.47,71.05,3.92,NA,NA,NA,NA
AGW01,2,N4d,4-6Eis1,4,6,Eis1,4,15,2021,4/15/2021,14:19:00,22.07,369.6,6.98,NA,NA,NA,NA,NA,NA,NA,6.17,308.6,0.78,3.9,0.37,19.32,7.81,2.12,24.07,75.47,3.89,NA,NA,NA,NA
AGW01,2,N4d,4-6Eis1,4,6,Eis1,5,8,2021,5/8/2021,13:43:00,22,369.7,NA,NA,NA,NA,NA,NA,NA,NA,5.87,293.9,0.43,3.32,0.22,22.87,7.55,1.73,25.29,76.48,3.9,NA,NA,-37,-5.8
AGW01,2,N4d,4-6Eis1,4,6,Eis1,5,10,2021,5/10/2021,11:12:00,22.82,369.4,5,NA,NA,7.01,13.5,870.5,NA,NA,5.77,288.6,0.48,4.21,0.31,22.08,7.92,2.2,25.15,72.4,4.01,NA,NA,-38,-6
AGW01,2,N4d,4-6Eis1,4,6,Eis1,5,26,2021,5/26/2021,11:10:00,20.7,370.1,6.4,NA,NA,7.41,15.5,563.2,NA,NA,6.06,303.4,0.45,3.96,0.38,19.45,8.09,1.37,26.11,78.07,3.7,NA,NA,NA,NA
AGW01,2,N4d,4-6Eis1,4,6,Eis1,5,26,2021,5/26/2021,11:10:00,20.7,370.1,6.4,NA,NA,7.41,16.6,563.2,NA,NA,6.06,303.4,0.45,3.96,0.38,19.45,8.09,1.37,26.11,78.07,3.7,2.73,<0.95,-38,-6.2
AGW01,2,N4d,4-6Eis1,4,6,Eis1,5,28,2021,5/28/2021,10:10:00,21.58,369.8,5,NA,NA,7.15,12.5,668.5,NA,NA,6.04,302.4,0.48,5.78,0.26,22.24,8.35,2.4,27.82,77.37,4.48,1.79,<0.95,-37,-5.8
AGW01,2,N4d,4-6Eis1,4,6,Eis1,7,1,2021,7/1/2021,10:40:00,22.16,369.6,7.6,NA,NA,7.37,15.5,593.6,NA,NA,5.83,292,0.75,4.09,0.31,19.04,6.69,1.85,25.34,77.95,4.35,3.42,<0.95,NA,NA
AGW01,2,N4d,4-6Eis1,4,6,Eis1,7,7,2021,7/7/2021,9:30:00,22.24,369.6,6.8,NA,NA,7.46,15.8,607,NA,NA,5.85,292.7,0.64,3.84,0.4,20.69,7.83,1.6,25.23,88.74,3.93,NA,NA,NA,NA
AGW01,2,N4d,4-6Eis1,4,6,Eis1,8,20,2021,8/20/2021,9:42:00,23.21,369.3,NA,NA,NA,7.5,16.3,544.7,NA,NA,6.68,334.3,0.43,2.8,0.29,20.07,6.66,1.74,25.08,78.33,3.54,NA,NA,NA,NA
AGW01,2,N4d,4-6Eis1,4,6,Eis1,8,20,2021,8/20/2021,9:42:00,23.21,369.3,NA,NA,NA,7.5,16.3,544.7,NA,NA,6.68,334.3,0.43,2.8,0.29,20.07,6.66,1.74,25.08,78.33,3.54,NA,NA,NA,NA
AGW01,2,N4d,4-6Eis1,4,6,Eis1,10,12,2021,10/12/2021,NA,22.38,369.5,10.5,NA,NA,7.34,19.4,621,NA,NA,6.54,327.2,0.45,3.17,0.25,20.26,7.18,1.37,23.64,75.47,3.72,NA,NA,NA,NA
AGW01,2,N4d,4-6Eis1,4,6,Eis1,10,31,2021,10/31/2021,NA,22.42,369.5,13.4,NA,546,7.31,12.6,753.6,NA,NA,6.49,324.9,0.44,43.9,0.36,20.75,14.08,48.75,23.38,72.91,3.65,NA,NA,NA,NA
AGW01,2,N4d,4-6Eis1,4,6,Eis1,11,28,2021,11/28/2021,9:52:00,22.31,369.6,4.2,430.9,565,7.28,12.2,655.1,NA,NA,6.39,319.8,0.45,3.33,0.33,20.68,7.46,1.75,24.79,71.47,4,NA,NA,-37,-5.8
AGW01,2,N4d,4-6Eis1,4,6,Eis1,12,21,2021,12/21/2021,12:14:00,22.27,369.6,NA,NA,NA,7.34,14.6,680,NA,NA,5.84,292.3,0.5,2.02,0.4,21.75,7.3,1.34,23.24,46.32,3.68,NA,NA,-37,-5.7
AGW01,2,N4d,4-6Eis1,4,6,Eis1,1,13,2022,1/13/2022,NA,22.31,369.6,3.4,660,829,7.4,14.1,1288,NA,NA,6.09,305,0.47,69.71,0.26,19.32,18.86,74.29,23.21,71.22,4.27,NA,NA,-37,-5.8
AGW01,2,N4d,4-6Eis1,4,6,Eis1,1,30,2022,1/30/2022,11:05:00,22.39,369.5,NA,NA,NA,7.25,13.4,573.8,NA,NA,5.81,290.6,0.51,1.99,0.31,22.24,7.3,1.36,24.21,69.74,3.7,NA,NA,-37,-5.8
AGW01,2,N4d,4-6Eis1,4,6,Eis1,3,2,2022,3/2/2022,8:24:00,22.44,369.5,4.6,608,483,7.39,14.2,591.3,NA,NA,5.73,286.8,0.49,3.04,0.27,23.56,7.81,1.4,28.42,74.05,4.49,NA,NA,-38,-6.1
AGW01,2,N4d,4-6Eis1,4,6,Eis1,3,27,2022,3/27/2022,12:43:00,22.29,369.6,7.7,512,643,7.2,13.7,560.5,NA,NA,5.76,288.5,0.06,0.42,<0.13,21.09,7.02,1.7,24.34,66.42,3.57,NA,NA,-37,-5.8
AGW01,2,N4d,4-6Eis1,4,6,Eis1,4,16,2022,4/16/2022,10:39:00,22.47,369.5,NA,432.6,554,7.46,13.9,591.8,5.75,287.7,5.72,286.4,0.45,17.19,<0.13,23.08,7.61,16.76,24.07,69.76,3.94,NA,NA,-37,-5.8
AGW01,2,N4d,4-6Eis1,4,6,Eis1,5,11,2022,5/11/2022,10:25:00,22,369.7,NA,519,585,7.43,14.7,539.7,5.78,289.5,5.76,288.2,0.43,9.36,0.23,21.88,10.31,10.09,23.11,75.34,5.01,NA,NA,-37,-5.9
AGW01,2,N4d,4-6Eis1,4,6,Eis1,6,5,2022,6/5/2022,NA,21.09,369.9,7.5,482,598,7.04,14.5,807.6,5.96,298.5,NA,297.2,0.47,34.89,0.29,19.84,12.54,25.73,20.95,71.87,4.44,NA,NA,-37,-5.8
AGW01,2,N4d,4-6Eis1,4,6,Eis1,6,28,2022,6/28/2022,10:10:00,20.93,370,4.8,NA,NA,7.17,17.2,691.1,5.93,296.8,NA,295.5,0.85,5.02,0.4,14.42,7,1.41,25.33,72.81,3.74,NA,NA,-38,-5.4
AGW01,2,N4d,4-6Eis1,4,6,Eis1,7,29,2022,7/29/2022,9:00:00,22.11,369.6,7.5,626,754,7.2,14,614.8,5.98,299.3,NA,298,0.41,34.53,0.25,18.15,13.49,36.41,21.29,63.62,3.78,NA,NA,-37,-5.5
AGW01,2,N4d,4-6Eis1,4,6,Eis1,8,18,2022,8/18/2022,8:15:00,22.25,369.6,7.8,444.5,553,7.11,14.2,563.1,5.72,286.3,NA,286.3,0.43,3.18,0.3,18.99,6.96,1.8,22.27,64.55,4.03,NA,NA,-36,-5.7
AGW01,2,N4d,4-6Eis1,4,6,Eis1,9,15,2022,9/15/2022,12:57:00,22.36,369.5,11.5,496,586,7.17,17.2,581.9,5.89,294.7,NA,294.7,0.47,7.47,0.25,20.78,8.3,7.2,20.39,71.78,3.69,NA,NA,-36,-5.6
AGW01,2,N4d,4-6Eis1,4,6,Eis1,10,6,2022,10/6/2022,12:42:00,22.38,369.5,7.6,541,618,7.07,18,681.8,5.8,290.1,NA,290.1,0.45,5.07,0.29,22.74,9.08,2.42,19.96,75.1,3.59,NA,NA,-36,-5.6
AGW01,2,N4d,4-6Eis1,4,6,Eis1,10,30,2022,10/31/2022,10:19:00,22.35,369.5,5.9,512,614,7.15,15.2,671,5.77,288.7,NA,288.1,0.46,2.14,0.29,21.22,7.8,1.57,18.92,72.41,3.66,NA,NA,-36,-5.8
AGW01,2,N4d,4-6Eis1,4,6,Eis1,12,2,2022,12/2/2022,9:41:00,22.25,369.6,6.6,435.9,551,7.31,13.7,559,5.72,286.3,NA,285.7,0.44,2.16,0.25,20.9,7.14,1.37,25.61,72.44,3.77,NA,NA,-37,-5.9
AGW01,2,N4d,4-6Eis1,4,6,Eis1,2,21,2023,2/21/2023,11:36:00,22.21,369.6,7.1,459,577,6.98,14,565.3,5.83,291.7,NA,NA,0.45,5.76,0.2,19.32,7.55,5.6,24.39,72.53,3.28,NA,NA,-37,-6
AGW01,2,N4d,4-6Eis1,4,6,Eis1,4,18,2023,4/18/2023,11:49:00,22.21,369.6,8.15,473,543,7.14,14.6,571,5.86,293.5,NA,NA,0.38,3.16,0.13,22.75,7.09,1.78,23.54,70.85,3.27,NA,NA,-37,-6
AGW01,2,N4d,4-6Eis1,4,6,Eis1,4,22,2023,4/22/2023,NA,22.25,369.6,NA,NA,NA,NA,NA,NA,NA,NA,NA,NA,NA,NA,NA,NA,NA,NA,NA,NA,NA,NA,NA,NA,NA
AGW01,2,N4d,4-6Eis1,4,6,Eis1,5,31,2023,5/31/2023,9:04:00,22.15,369.6,7.5,423.15,531,7.2,13.6,561.2,5.94,297.3,NA,NA,0.4,2.88,0.26,19.95,6.73,1.15,31.09,94.32,3.6,NA,NA,-37,-6
AGW01,2,N4d,4-6Eis1,4,6,Eis1,6,29,2023,6/29/2023,NA,NA,376.4,NA,NA,NA,NA,NA,NA,6.02,301.3,NA,NA,0.45,4.94,0.34,22.77,9.23,1.94,25.9,80.41,3.61,NA,NA,-37,-6.1
AGW01,2,N4d,4-6Eis1,4,6,Eis1,9,10,2023,9/10/2023,8:53:00,22.56,369.5,6.57,427.9,536,6.92,14.4,559.6,5.95,297.7,NA,NA,0.42,3.26,0.21,21.08,6.73,1.4,24.31,74.78,3.49,NA,NA,-37,-6.1
AGW01,2,N4d,4-6Eis1,4,6,Eis1,10,27,2023,10/27/2023,12:40:00,22.55,369.5,6.82,419.4,547,6.09,12.9,569.7,5.93,296.9,NA,NA,0.4,7.5,0.23,21.05,7.91,6.87,24.43,74.66,3.6,NA,NA,-37,-6
AGW01,2,N4d,4-6Eis1,4,6,Eis1,12,6,2023,12/6/2023,11:58:00,23.51,369.2,7.32,431.8,541,7.13,14.2,582.9,5.92,296.3,NA,NA,0.44,14.13,0.28,21.03,10.06,15.18,24.8,72.8,3.73,NA,NA,-37,-6
AGW01,2,N4d,4-6Eis2,4,6,Eis2,2,23,2021,2/23/2021,15:31:00,16.63,371.1,NA,NA,NA,6.69,15.7,551.2,NA,NA,6.28,314.3,0.48,2.97,<0.13,10.88,7.09,1.1,14.62,93.74,3.15,NA,NA,NA,NA
AGW01,2,N4d,4-6Eis2,4,6,Eis2,4,15,2021,4/15/2021,14:50:00,16.12,371.2,7.5,NA,NA,6.74,14.7,1855,NA,NA,6.06,303.5,0.42,2.82,0.13,10.2,4.01,1.06,13.7,93.75,3.14,NA,NA,NA,NA
AGW01,2,N4d,4-6Eis2,4,6,Eis2,4,15,2021,4/15/2021,14:50:00,16.12,371.2,7.5,NA,NA,6.74,14.7,1855,NA,NA,6.06,303.5,0.42,2.82,0.13,10.2,4.01,1.06,13.7,93.75,3.14,NA,NA,NA,NA
AGW01,2,N4d,4-6Eis2,4,6,Eis2,5,8,2021,5/8/2021,14:20:00,16.14,371.2,6.1,NA,NA,6.84,17.2,604.6,NA,NA,5.92,296.5,0.42,4.15,0.15,15.8,6.12,4.69,16.09,86.95,3.17,NA,NA,-36,-5.7
AGW01,2,N4d,4-6Eis2,4,6,Eis2,5,10,2021,5/10/2021,11:45:00,16.15,371.2,3.8,NA,NA,7.05,13.3,636.4,NA,NA,5.66,283.1,0.44,3,<0.13,14.84,4.08,1.04,15.42,87.55,3.25,6.21,<0.95,-36,-5.7
AGW01,2,N4d,4-6Eis2,4,6,Eis2,5,26,2021,5/26/2021,11:44:00,15.51,371.4,5.2,NA,NA,7.2,16.6,506,NA,NA,5.6,280.2,0.42,3.35,<0.13,6.9,3.97,0.51,10.53,92.18,2.53,NA,NA,NA,NA
AGW01,2,N4d,4-6Eis2,4,6,Eis2,5,26,2021,5/26/2021,11:44:00,15.51,371.4,5.2,NA,NA,7.2,16.7,506,NA,NA,5.6,280.2,0.42,3.35,<0.13,6.9,3.97,0.51,10.53,92.18,2.53,20.27,<0.95,-34,-5.5
AGW01,2,N4d,4-6Eis2,4,6,Eis2,5,28,2021,5/28/2021,10:30:00,15.07,371.5,5.8,NA,NA,6.96,12.5,492.2,NA,NA,5.42,271.2,0.37,3.04,0.21,6.1,3.03,0.96,9.13,95.97,2.82,2.5,<0.95,-34,-5.3
AGW01,2,N4d,4-6Eis2,4,6,Eis2,7,1,2021,7/1/2021,10:50:00,16.35,371.1,6.3,NA,NA,7.2,15.1,561.5,NA,NA,3.91,195.7,0.51,3.3,<0.13,12.89,4.82,1.43,14.11,90.85,2.9,11.11,<0.95,-35,-5.6
AGW01,2,N4d,4-6Eis2,4,6,Eis2,7,7,2021,7/7/2021,9:45:00,16.46,371.1,6.4,NA,NA,7.14,14.4,572,NA,NA,5.86,293.2,0.54,3.15,<0.13,11.2,4.03,0.74,13.71,96.99,3.05,NA,NA,NA,NA
AGW01,2,N4d,4-6Eis2,4,6,Eis2,8,20,2021,8/20/2021,10:10:00,16.58,371.1,6.4,NA,NA,7.08,17.6,532.5,NA,NA,5.6,280.5,0.36,2.97,0.13,11.01,3.84,1.84,12.52,90.38,2.4,NA,NA,NA,NA
AGW01,2,N4d,4-6Eis2,4,6,Eis2,8,20,2021,8/20/2021,10:10:00,17.58,370.8,6.4,NA,NA,7.08,17.6,532.5,NA,NA,5.6,280.5,0.36,2.97,0.13,11.01,3.84,1.84,12.52,90.38,2.4,2.41,<0.95,-36,-5.7
AGW01,2,N4d,4-6Eis2,4,6,Eis2,10,12,2021,10/12/2021,NA,16.56,371.1,6.2,NA,NA,6.94,16.9,600,NA,NA,NA,NA,0.42,2.72,<0.13,10.01,4.24,0.67,14.9,91.4,3.18,NA,NA,NA,NA
AGW01,2,N4d,4-6Eis2,4,6,Eis2,10,31,2021,10/31/2021,NA,16.54,371.1,7.5,NA,575,7,13.7,595.7,NA,NA,6.25,312.9,0.37,1.37,<0.13,10.32,3.79,0.68,14.93,93.48,3,NA,NA,NA,NA
AGW01,2,N4d,4-6Eis2,4,6,Eis2,11,28,2021,11/28/2021,9:52:00,16.5,371.1,8.1,439.4,564,7.12,13.3,591.6,NA,NA,6.9,345.1,0.4,2.53,<0.13,9.87,3.77,0.67,14.45,93.12,3.29,NA,NA,-36,-5.7
AGW01,2,N4d,4-6Eis2,4,6,Eis2,12,21,2021,12/21/2021,12:14:00,16.53,371.1,NA,NA,NA,7.21,14.5,773.4,NA,NA,6.17,309,0.35,1.25,<0.13,10.32,3.97,0.64,14.11,93.1,3.09,NA,NA,-36,-5.6
AGW01,2,N4d,4-6Eis2,4,6,Eis2,1,13,2022,1/13/2022,NA,16.59,371.1,3.8,451.3,561,7.25,14.4,760.5,NA,NA,6.09,305,0.39,2.73,<0.13,9.98,3.7,0.72,14.36,99.05,3.17,NA,NA,-36,-5.7
AGW01,2,N4d,4-6Eis2,4,6,Eis2,1,30,2022,1/30/2022,11:05:00,16.64,371.1,NA,NA,NA,7.01,13.9,581.7,NA,NA,6.26,313.2,0.42,1.52,<0.13,10.56,3.94,0.6,14.28,97.84,2.93,NA,NA,-36,-5.7
AGW01,2,N4d,4-6Eis2,4,6,Eis2,3,2,2022,3/2/2022,8:24:00,16.7,371,3.5,617,483,7.15,13.8,814.3,NA,NA,6.13,306.6,0.36,2.57,<0.13,10.14,5,1.03,14.4,96.79,3.71,NA,NA,-36,-5.8
AGW01,2,N4d,4-6Eis2,4,6,Eis2,3,27,2022,3/27/2022,12:45:00,16.2,371.2,7.5,512,645,7.08,14,551.9,NA,NA,6.04,302.1,0.39,1.56,<0.13,10.85,3.46,0.58,14,89.96,2.98,NA,NA,-36,-5.7
AGW01,2,N4d,4-6Eis2,4,6,Eis2,4,16,2022,4/16/2022,10:40:00,16.36,371.1,NA,425.6,549,7.3,12.7,579.3,5.8,290.5,5.78,289.2,0.38,1.54,<0.13,12.85,3.73,0.73,15.29,80.41,3.24,NA,NA,-36,-5.8
AGW01,2,N4d,4-6Eis2,4,6,Eis2,5,11,2022,5/11/2022,10:27:00,15.7,371.3,NA,436.8,539,7.17,14.3,502.8,5.6,280.5,5.58,279.3,0.38,4.08,0.16,7.32,3.27,1.17,10.11,87.82,NA,NA,NA,-34,-5.4
AGW01,2,N4d,4-6Eis2,4,6,Eis2,6,5,2022,6/5/2022,10:12:00,15.23,371.5,4.3,446.7,555,7.12,14.3,680.8,5.68,284.1,NA,282.9,0.37,2.48,<0.13,6.31,3.07,1.06,10.09,94.04,NA,NA,NA,-34,-5.4
AGW01,2,N4d,4-6Eis2,4,6,Eis2,6,28,2022,6/28/2022,NA,15.04,371.5,3.9,NA,NA,7.13,17.7,574.4,5.8,290.3,NA,289,0.39,4.65,0.33,7.19,3.06,1.12,9.9,95.6,2.77,NA,NA,-34,-4.8
AGW01,2,N4d,4-6Eis2,4,6,Eis2,7,29,2022,7/29/2022,9:02:00,16.3,371.2,6,453.7,560,7.07,14.1,565.5,5.69,284.9,NA,283.6,0.43,2.64,<0.13,11.4,3.42,0.66,13.38,84.59,2.81,NA,NA,-36,-5.4
AGW01,2,N4d,4-6Eis2,4,6,Eis2,8,18,2022,8/18/2022,8:16:00,16.54,371.1,4.1,440.2,547,7.13,14.5,577,5.8,290.1,NA,290.1,0.37,3.36,0.14,11.74,3.7,1.34,14.85,89.23,3.29,NA,NA,-36,-5.7
AGW01,2,N4d,4-6Eis2,4,6,Eis2,9,15,2022,9/15/2022,12:53:00,17.72,370.7,3.8,513,608,7.01,17,595.9,6.27,313.7,NA,313.7,0.4,1.48,<0.13,10.15,3.63,0.46,14.87,97.71,2.92,NA,NA,-36,-5.7
AGW01,2,N4d,4-6Eis2,4,6,Eis2,10,6,2022,10/6/2022,12:42:00,16.75,371,3.8,536,636,6.93,16.1,621.6,6.57,328.7,NA,328.7,0.37,2.95,<0.13,9.46,3.79,0.7,16.09,100.45,2.97,NA,NA,-35,-5.4
AGW01,2,N4d,4-6Eis2,4,6,Eis2,10,30,2022,10/31/2022,10:19:00,16.65,371.1,4,479,576,6.6,15.5,621.9,6.55,327.7,NA,327,0.4,2.06,<0.13,9.4,4.85,1.1,16.15,98.69,3.02,NA,NA,-36,-5.7
AGW01,2,N4d,4-6Eis2,4,6,Eis2,12,2,2022,12/2/2022,9:41:00,16.62,371.1,5.5,463,575,6.88,14.8,609.7,6.39,319.7,NA,319,0.42,1.55,<0.13,9.88,4.17,0.56,15.32,97.63,3.18,NA,NA,-36,-5.7
AGW01,2,N4d,4-6Eis2,4,6,Eis2,2,21,2023,2/21/2023,11:36:00,16.39,371.1,2.8,448.9,570,7.02,13.9,582.3,6.2,310.5,NA,NA,0.35,1.73,<0.13,9.39,3.69,0.44,13.92,95.42,2.64,NA,NA,-36,-5.8
AGW01,2,N4d,4-6Eis2,4,6,Eis2,4,18,2023,4/18/2023,11:49:00,16.36,371.1,3.76,430.1,547,6.99,13.4,583.9,5.99,299.7,NA,NA,0.34,2.03,<0.13,24.63,3.5,0.9,13.97,91.41,2.45,NA,NA,-36,-5.8
AGW01,2,N4d,4-6Eis2,4,6,Eis2,4,22,2023,4/22/2023,NA,16.1,371.2,NA,NA,NA,NA,NA,NA,NA,NA,NA,NA,NA,NA,NA,NA,NA,NA,NA,NA,NA,NA,NA,NA,NA
AGW01,2,N4d,4-6Eis2,4,6,Eis2,5,31,2023,5/31/2023,9:04:00,16.35,371.1,6.68,398.5,517,6.96,13.6,576,5.73,286.8,NA,NA,0.34,1.78,<0.13,12.6,3.69,0.56,15.63,99.39,2.89,NA,NA,-37,-6
AGW01,2,N4d,4-6Eis2,4,6,Eis2,6,29,2023,6/29/2023,NA,NA,376.1,NA,NA,NA,NA,NA,NA,5.92,296.5,NA,NA,0.37,2.81,<0.13,11.16,3.82,0.79,15.01,93.64,2.55,NA,NA,-37,-6
AGW01,2,N4d,4-6Eis2,4,6,Eis2,9,10,2023,9/10/2023,8:53:00,16.82,371,6.7,450.7,563,6.92,14.8,597,6.42,321.3,NA,NA,0.36,2.64,<0.13,9.9,3.72,0.87,15.77,94.73,2.85,NA,NA,-37,-5.9
AGW01,2,N4d,4-6Eis2,4,6,Eis2,10,27,2023,10/27/2023,13:07:00,16.82,371,5.43,494,622,6.82,13.9,647.2,6.76,338.5,NA,NA,0.34,11.96,<0.13,10.1,6.15,12.54,16.87,100.07,2.96,NA,NA,-37,-5.9
AGW01,2,N4d,4-6Eis2,4,6,Eis2,12,6,2023,12/6/2023,12:00:00,17.8,370.7,3.53,494,616,6.69,14.4,597.9,6.62,331.5,NA,NA,0.37,1.92,<0.13,10.72,4.31,0.8,16.24,98.84,2.73,NA,NA,-39,-6.2
AGW01,2,N4d,4-6Mor,4,6,Mor,2,23,2021,2/23/2021,14:33:00,38.42,364.5,NA,NA,NA,6.98,13.6,657.8,NA,NA,5.92,296,0.36,3.1,<0.13,56.98,4.94,0.7,20,98.6,3.82,NA,NA,NA,NA
AGW01,2,N4d,4-6Mor,4,6,Mor,4,15,2021,4/15/2021,13:47:00,37.3,364.9,5.3,NA,NA,6.42,14.2,509.5,NA,NA,5.63,281.5,0.47,3.27,<0.13,30.89,4.92,0.76,17.92,86.62,3.64,NA,NA,NA,NA
AGW01,2,N4d,4-6Mor,4,6,Mor,4,15,2021,4/15/2021,13:47:00,37.3,364.9,5.3,NA,NA,6.42,14.2,509.5,NA,NA,5.63,281.5,0.47,3.27,<0.13,30.89,4.92,0.76,17.92,86.62,3.64,NA,NA,NA,NA
AGW01,2,N4d,4-6Mor,4,6,Mor,5,8,2021,5/8/2021,13:54:00,37.51,364.8,5,NA,NA,6.72,16.1,680.2,NA,NA,5.77,289,0.45,3.35,<0.13,31.39,5.09,1.22,18.16,88.27,3.31,NA,NA,-36,-5.7
AGW01,2,N4d,4-6Mor,4,6,Mor,5,10,2021,5/10/2021,11:20:00,38.01,364.7,2.5,NA,NA,7.13,12.9,729.3,NA,NA,5.86,293.5,0.46,3.26,<0.13,31.72,4.95,1.09,18.14,89.22,3.79,2.68,<0.95,-36,-5.7
AGW01,2,N4d,4-6Mor,4,6,Mor,5,26,2021,5/26/2021,12:02:00,37.55,364.8,3.2,NA,NA,7.35,16.7,540.4,NA,NA,6.01,300.7,0.44,3.38,<0.13,24.52,5.75,0.7,20.07,86.3,3.45,NA,NA,NA,NA
AGW01,2,N4d,4-6Mor,4,6,Mor,5,26,2021,5/26/2021,12:02:00,37.55,364.8,3.2,NA,NA,7.35,15.6,540.4,NA,NA,6.01,300.7,0.44,3.38,<0.13,24.52,5.75,0.7,20.07,86.3,3.45,9.95,<0.95,-35,-5.7
AGW01,2,N4d,4-6Mor,4,6,Mor,5,28,2021,5/28/2021,10:17:00,37.7,364.8,4.4,NA,NA,7.24,13,549.6,NA,NA,5.85,292.9,0.45,5.9,0.17,21.07,5.28,1.62,18.34,86.91,3.82,2.53,<0.95,-34,-5.3
AGW01,2,N4d,4-6Mor,4,6,Mor,7,1,2021,7/1/2021,10:30:00,38.56,364.5,5.6,NA,NA,7.35,16,670.2,NA,NA,6.41,321,0.61,3.76,<0.13,24.84,4.94,1.5,19.21,97.08,3.99,3,<0.95,-36,-5.6
AGW01,2,N4d,4-6Mor,4,6,Mor,7,7,2021,7/7/2021,9:12:00,38.62,364.5,4.7,NA,NA,7.2,16.2,662,NA,NA,7.02,351.4,0.62,3.85,<0.13,32.1,5.91,1.09,20.71,95.84,4,NA,NA,NA,NA
AGW01,2,N4d,4-6Mor,4,6,Mor,8,20,2021,8/20/2021,9:40:00,39.88,364.1,5.4,NA,NA,7.06,18.1,616.8,NA,NA,6.64,332.3,0.41,3.39,<0.13,32.02,5.15,1.47,20.97,102.84,3.89,NA,NA,NA,NA
AGW01,2,N4d,4-6Mor,4,6,Mor,8,20,2021,8/20/2021,9:40:00,39.88,364.1,5.4,NA,NA,7.06,18.1,616.8,NA,NA,6.64,332.3,0.41,3.39,<0.13,32.02,5.15,1.47,20.97,102.84,3.89,2.16,<0.95,-36,-5.6
AGW01,2,N4d,4-6Mor,4,6,Mor,10,12,2021,10/12/2021,11:32:00,39.7,364.1,11.2,NA,NA,7.06,16.8,710,NA,NA,7.03,351.7,0.41,3.39,<0.13,34.18,5.9,1.36,23.12,105.99,4.27,NA,NA,NA,NA
AGW01,2,N4d,4-6Mor,4,6,Mor,10,31,2021,10/31/2021,9:49:00,39.79,364.1,12.4,NA,672,7.09,12.6,699.4,NA,NA,7.5,375.2,0.38,2.88,<0.13,36.5,5.55,2.24,20.86,104.71,4.15,NA,NA,NA,NA
AGW01,2,N4d,4-6Mor,4,6,Mor,11,28,2021,11/28/2021,9:52:00,39.47,364.2,11.1,510,667,7.19,12.3,725.2,NA,NA,7.02,351.1,0.41,3.45,<0.13,37.34,5.33,1.11,21.48,106.07,4.3,NA,NA,-35,-5.6
AGW01,2,N4d,4-6Mor,4,6,Mor,12,21,2021,12/21/2021,12:14:00,39.45,364.2,NA,NA,NA,7.21,14,803.8,NA,NA,7.36,368.5,0.42,2.22,<0.13,38.61,5.42,1.25,21.74,105.01,4.01,NA,NA,-35,-5.5
AGW01,2,N4d,4-6Mor,4,6,Mor,1,13,2022,1/13/2022,14:50:00,39.1,364.3,7.4,509,636,7.3,14.1,1147,NA,NA,6.53,326.7,0.42,3.48,<0.13,35.41,5.01,1.19,22.15,110.99,3.91,NA,NA,-35,-5.6
AGW01,2,N4d,4-6Mor,4,6,Mor,1,30,2022,1/30/2022,11:05:00,39.04,364.3,NA,NA,NA,7.32,11.1,794.5,NA,NA,6.57,328.8,0.7,3.44,<0.13,45.59,5.83,1.86,21.91,96.82,3.62,NA,NA,-36,-5.6
AGW01,2,N4d,4-6Mor,4,6,Mor,3,2,2022,3/2/2022,8:24:00,38.32,364.6,8.7,503,679,7.42,10.8,825.4,NA,NA,5.96,298.5,0.34,3.41,0.17,64.26,5.57,1.35,19.57,94.49,4.33,NA,NA,-36,-5.8
AGW01,2,N4d,4-6Mor,4,6,Mor,3,27,2022,3/27/2022,12:40:00,37.38,364.9,7.8,469,664,7.4,9.5,596.4,NA,NA,5.78,289.3,0.41,2.4,<0.13,35.22,4.74,1.09,17.62,89.85,3.36,NA,NA,-36,-5.8
AGW01,2,N4d,4-6Mor,4,6,Mor,4,16,2022,4/16/2022,10:37:00,38.28,364.6,NA,537.2,593,7.5,10.6,629.6,5.93,296.9,5.91,295.6,0.39,2.69,<0.13,34.65,5.19,1.59,18.6,88.88,3.59,NA,NA,-35,-5.6
AGW01,2,N4d,4-6Mor,4,6,Mor,5,11,2022,5/11/2022,10:24:00,38.37,364.6,NA,475,612,7.33,13.1,588,6.04,302.3,6.01,301,0.4,3.12,<0.13,32.16,5.44,1.35,18.5,89.29,4.82,NA,NA,-36,-5.7
AGW01,2,N4d,4-6Mor,4,6,Mor,6,5,2022,6/5/2022,9:26:00,38.34,364.6,6.4,503,652,7.15,13.3,629.3,6.44,322.1,NA,320.7,0.43,5.82,<0.13,24.75,6.23,4.61,11.72,94.03,4.51,NA,NA,-35,-5.7
AGW01,2,N4d,4-6Mor,4,6,Mor,6,28,2022,6/28/2022,NA,38.23,364.6,4.7,NA,NA,7.17,17.1,662.6,6.73,336.8,NA,335.4,0.44,3.61,<0.13,18.28,6.25,1.4,20.63,97.4,5.74,NA,NA,-36,-5.2
AGW01,2,N4d,4-6Mor,4,6,Mor,7,29,2022,7/29/2022,8:58:00,39.21,364.3,4.8,523,645,7.12,15.1,667.9,6.54,327.1,NA,325.7,0.4,4.32,0.13,24.44,5.68,1.66,22.9,107.33,3.74,NA,NA,-36,-5.2
AGW01,2,N4d,4-6Mor,4,6,Mor,8,18,2022,8/18/2022,8:14:00,39.56,364.2,8,501,624,7.15,14.3,646.1,6.56,328.3,NA,328.3,0.47,4.33,<0.13,27.32,6.03,3.13,18.28,95.65,4.33,NA,NA,-34,-5.5
AGW01,2,N4d,4-6Mor,4,6,Mor,9,15,2022,9/15/2022,12:59:00,40.16,364,7,564,678,7.07,17.1,675.6,6.34,317.5,NA,317.5,0.41,7.87,<0.13,32.99,7,7.35,21.29,96.95,3.78,NA,NA,-35,-5.6
AGW01,2,N4d,4-6Mor,4,6,Mor,10,6,2022,10/6/2022,12:42:00,40.28,364,8.4,612,676,7.3,16.3,655.1,6.47,323.9,NA,323.9,0.39,4.58,<0.13,36.75,6.47,1.75,19.96,102.51,3.72,NA,NA,-35,-5.5
AGW01,2,N4d,4-6Mor,4,6,Mor,10,30,2022,10/31/2022,10:19:00,39.98,364.1,7.9,502,638,7,14.1,654.1,6.3,315.5,NA,314.9,0.46,2.66,<0.13,58.08,6.24,1.21,24.02,101.27,3.89,NA,NA,-35,-5.5
AGW01,2,N4d,4-6Mor,4,6,Mor,12,2,2022,12/2/2022,9:47:00,39.4,364.2,8.6,517,650,7.17,13.9,670,6.36,318.3,NA,317.7,0.39,4.62,<0.13,66.41,6.24,3.75,21.59,99.47,3.88,NA,NA,-35,-5.6
AGW01,2,N4d,4-6Mor,4,6,Mor,2,21,2023,2/21/2023,11:36:00,37.51,364.8,9.9,430.1,600,7.03,9.5,597.2,5.74,287.5,NA,NA,0.39,3.11,<0.13,56.3,4.89,1.39,20.08,94.87,3.11,NA,NA,-36,-5.9
AGW01,2,N4d,4-6Mor,4,6,Mor,4,18,2023,4/18/2023,11:49:00,38.14,364.6,8.14,470,583,7.2,11.7,623.1,5.93,296.7,NA,NA,0.4,2.44,<0.13,38.83,4.97,0.69,19.06,90.13,3.21,NA,NA,-36,-5.9
AGW01,2,N4d,4-6Mor,4,6,Mor,4,22,2023,4/22/2023,10:01:00,38.3,364.6,NA,NA,NA,NA,NA,NA,NA,NA,NA,NA,NA,NA,NA,NA,NA,NA,NA,NA,NA,NA,NA,NA,NA
AGW01,2,N4d,4-6Mor,4,6,Mor,5,31,2023,5/31/2023,9:04:00,38.8,364.4,7.65,433.1,565,7.02,13.4,610.1,6.29,314.9,NA,NA,0.37,3.6,<0.13,28.29,5.35,1.2,25.8,107.47,3.72,NA,NA,-36,-5.9
AGW01,2,N4d,4-6Mor,4,6,Mor,6,29,2023,6/29/2023,NA,NA,NA,NA,NA,NA,NA,NA,NA,6.61,330.9,NA,NA,0.4,3.56,<0.13,28.16,5.73,1.26,20.96,101.97,3.55,NA,NA,-35,-5.8
AGW01,2,N4d,4-6Mor,4,6,Mor,9,10,2023,9/10/2023,8:53:00,40.49,363.9,2.28,515,650,6.8,14,662.9,6.34,317.1,NA,NA,0.36,6.6,<0.13,43.9,7.62,5.34,28.41,117.44,4.26,NA,NA,-37,-5.9
AGW01,2,N4d,4-6Mor,4,6,Mor,10,27,2023,10/27/2023,12:40:00,39.5,364.2,8.02,557,715,6.8,13.2,732.7,6.97,348.7,NA,NA,0.32,9.02,<0.13,59.56,7.71,8.79,23.22,118.2,4.01,NA,NA,-35,-5.7
AGW01,2,N4d,4-6Mor,4,6,Mor,12,6,2023,12/6/2023,11:58:00,39.16,364.3,9.19,512,659,7.04,13.5,811.5,6.34,317.1,NA,NA,0.36,3.08,<0.13,65.28,6.01,1.23,21.16,107.84,3.53,NA,NA,-37,-6
